Symptom,Hypertension,Coronary artery disease,Heart attack (Myocardial infarction),Heart failure,Arrhythmia,Peripheral artery disease,Stroke,Atherosclerosis,Atrial fibrillation,Deep vein thrombosis (DVT),Asthma,Chronic obstructive pulmonary disease (COPD),Pneumonia,Bronchitis,Tuberculosis,Pulmonary embolism,Lung cancer,Cystic fibrosis,Sleep apnea,Influenza (Flu),Alzheimer’s disease,Parkinson’s disease,Epilepsy,Migraine,Multiple sclerosis (MS),Amyotrophic lateral sclerosis (ALS),Dementia,Peripheral neuropathy,Bell’s palsy,Stroke (neurological),Diabetes mellitus (Type 1 & Type 2),Hypothyroidism,Hyperthyroidism,Cushing’s syndrome,Addison’s disease,Polycystic ovary syndrome (PCOS),Metabolic syndrome,Obesity,Gout,Hypoglycemia,Common cold,COVID-19,"Hepatitis A, B, or C",HIV/AIDS,Malaria,Lyme disease,Chickenpox (Varicella),Measles,Mumps,Rubella,Rheumatoid arthritis,Lupus (Systemic lupus erythematosus),Psoriasis,Celiac disease,Crohn’s disease,Ulcerative colitis,Ankylosing spondylitis,Graves’ disease,Sjögren’s syndrome,Scleroderma,Gastroesophageal reflux disease (GERD),Peptic ulcer disease,Irritable bowel syndrome (IBS),Gallstones,Pancreatitis,Liver cirrhosis,Hepatitis,Constipation,Hemorrhoids,Gastritis,Osteoarthritis,Osteoporosis,Fibromyalgia,Back pain,Scoliosis,Tendonitis,Carpal tunnel syndrome,Bursitis,Gout (musculoskeletal),Fractures,Cataracts,Glaucoma,Macular degeneration,Conjunctivitis (Pink eye),Tinnitus,Hearing loss,Meniere’s disease,Dry eye syndrome,Retinal detachment,Ear infection (Otitis media),Acne,Eczema (Atopic dermatitis),Psoriasis (skin),Rosacea,"Skin cancer (Melanoma, BCC, SCC)",Warts,Fungal infections,Hives (Urticaria),Shingles (Herpes zoster),Vitiligo
Fever,0.011,0.075,0.071,0.058,0.034,0.068,0.02,0.049,0.051,0.096,0.089,0.034,0.7,0.25,0.5,0.088,0.037,0.068,0.065,0.85,0.079,0.059,0.08,0.058,0.01,0.039,0.012,0.094,0.089,0.085,0.038,0.015,0.089,0.095,0.018,0.054,0.016,0.078,0.079,0.022,0.053,0.6,0.034,0.3,0.9,0.4,0.7,0.95,0.6,0.5,0.1,0.068,0.049,0.057,0.3,0.03,0.04,0.063,0.031,0.03,0.016,0.067,0.031,0.091,0.2,0.016,0.031,0.07,0.029,0.022,0.094,0.061,0.053,0.081,0.083,0.027,0.019,0.049,0.048,0.052,0.076,0.071,0.099,0.019,0.046,0.041,0.088,0.032,0.027,0.4,0.048,0.035,0.032,0.093,0.05,0.088,0.06,0.015,0.1,0.085
Fatigue,0.25,0.3,0.086,0.6,0.054,0.029,0.046,0.2,0.4,0.099,0.034,0.3,0.4,0.048,0.5,0.1,0.06,0.075,0.024,0.7,0.097,0.062,0.059,0.077,0.5,0.063,0.055,0.087,0.024,0.096,0.3,0.6,0.064,0.4,0.7,0.021,0.4,0.4,0.064,0.4,0.048,0.5,0.6,0.5,0.028,0.4,0.4,0.046,0.07,0.037,0.4,0.5,0.017,0.051,0.1,0.1,0.017,0.029,0.4,0.094,0.089,0.089,0.043,0.024,0.085,0.6,0.61,0.099,0.069,0.011,0.084,0.037,0.8,0.095,0.022,0.02,0.02,0.06,0.035,0.064,0.075,0.028,0.067,0.034,0.054,0.091,0.086,0.018,0.048,0.035,0.01,0.079,0.067,0.034,0.077,0.06,0.048,0.011,0.017,0.089
Headache,0.15,0.059,0.085,0.062,0.023,0.021,0.3,0.091,0.082,0.087,0.091,0.029,0.032,0.019,0.08,0.09,0.047,0.066,0.024,0.6,0.088,0.3,0.083,1,0.012,0.076,0.3,0.094,0.082,0.33,0.083,0.034,0.081,0.02,0.088,0.087,0.03,0.083,0.051,0.037,0.082,0.03,0.012,0.027,0.6,0.3,0.097,0.035,0.068,0.046,0.098,0.058,0.095,0.02,0.097,0.026,0.097,0.034,0.02,0.049,0.076,0.038,0.065,0.056,0.045,0.062,0.033,0.074,0.01,0.093,0.058,0.075,0.077,0.07,0.043,0.016,0.07,0.04,0.038,0.086,0.075,0.037,0.038,0.047,0.046,0.037,0.021,0.048,0.095,0.071,0.091,0.065,0.037,0.059,0.01,0.036,0.049,0.062,0.069,0.052
Cough,0.05,0.029,0.053,0.2,0.082,0.025,0.018,0.056,0.067,0.04,0.6,0.8,0.8,0.85,0.8,0.012,0.6,0.053,0.086,0.7,0.047,0.067,0.027,0.073,0.054,0.032,0.069,0.01,0.078,0.079,0.02,0.048,0.026,0.096,0.057,0.015,0.032,0.086,0.051,0.082,0.5,0.6,0.064,0.096,0.09,0.065,0.075,0.7,0.085,0.059,0.091,0.077,0.053,0.033,0.032,0.067,0.079,0.057,0.066,0.035,0.017,0.036,0.034,0.039,0.059,0.022,0.031,0.072,0.074,0.016,0.047,0.059,0.047,0.029,0.048,0.091,0.063,0.073,0.087,0.079,0.044,0.011,0.042,0.078,0.087,0.096,0.048,0.077,0.059,0.064,0.03,0.03,0.049,0.013,0.04,0.071,0.046,0.025,0.052,0.021
Sore throat,0.066,0.012,0.045,0.061,0.012,0.068,0.022,0.052,0.015,0.044,0.029,0.039,0.079,0.044,0.078,0.085,0.033,0.017,0.012,0.4,0.1,0.041,0.069,0.08,0.069,0.078,0.095,0.028,0.012,0.024,0.021,0.07,0.061,0.03,0.073,0.079,0.025,0.065,0.077,0.02,0.6,0.3,0.02,0.012,0.038,0.071,0.096,0.046,0.074,0.017,0.072,0.066,0.019,0.08,0.087,0.064,0.021,0.099,0.08,0.041,0.049,0.043,0.056,0.041,0.086,0.084,0.019,0.096,0.067,0.085,0.074,0.049,0.076,0.097,0.034,0.083,0.058,0.054,0.049,0.076,0.034,0.087,0.085,0.018,0.089,0.032,0.052,0.065,0.044,0.013,0.087,0.026,0.029,0.082,0.041,0.089,0.073,0.035,0.011,0.095
Shortness of breath,0.3,0.4,0.6,0.75,0.2,0.068,0.054,0.081,0.3,0.03,0.7,0.7,0.6,0.053,0.058,0.8,0.077,0.04,0.073,0.034,0.033,0.021,0.027,0.021,0.058,0.079,0.027,0.029,0.054,0.075,0.098,0.057,0.035,0.019,0.027,0.03,0.026,0.011,0.058,0.035,0.098,0.2,0.073,0.021,0.088,0.054,0.089,0.062,0.052,0.05,0.027,0.015,0.095,0.053,0.084,0.046,0.017,0.067,0.015,0.023,0.061,0.037,0.099,0.021,0.079,0.065,0.081,0.03,0.057,0.051,0.05,0.087,0.099,0.037,0.066,0.065,0.077,0.095,0.029,0.029,0.069,0.024,0.026,0.017,0.01,0.051,0.063,0.036,0.031,0.074,0.073,0.051,0.072,0.093,0.081,0.066,0.07,0.094,0.048,0.059
Nausea,0.068,0.092,0.25,0.016,0.025,0.038,0.077,0.061,0.036,0.021,0.072,0.073,0.095,0.055,0.054,0.017,0.014,0.049,0.039,0.033,0.018,0.097,0.085,0.6,0.096,0.1,0.071,0.034,0.014,0.078,0.052,0.069,0.092,0.026,0.063,0.067,0.054,0.018,0.041,0.04,0.07,0.087,0.4,0.072,0.4,0.095,0.083,0.06,0.051,0.038,0.039,0.097,0.046,0.056,0.099,0.069,0.059,0.047,0.027,0.043,0.4,0.4,0.078,0.4,0.7,0.093,0.049,0.073,0.021,0.4,0.065,0.032,0.024,0.06,0.06,0.018,0.099,0.092,0.052,0.021,0.085,0.055,0.074,0.056,0.035,0.085,0.098,0.032,0.06,0.045,0.093,0.056,0.089,0.088,0.035,0.081,0.047,0.094,0.056,0.084
Vomiting,0.035,0.037,0.1,0.1,0.054,0.023,0.058,0.041,0.06,0.059,0.051,0.039,0.027,0.073,0.061,0.031,0.08,0.014,0.077,0.073,0.083,0.045,0.07,0.084,0.098,0.055,0.013,0.055,0.063,0.088,0.089,0.05,0.057,0.051,0.075,0.047,0.069,0.024,0.052,0.097,0.04,0.072,0.068,0.087,0.087,0.087,0.044,0.038,0.075,0.078,0.089,0.013,0.016,0.067,0.093,0.1,0.077,0.049,0.019,0.067,0.089,0.2,0.072,0.2,0.6,0.082,0.036,0.044,0.023,0.058,0.061,0.081,0.025,0.017,0.088,0.066,0.032,0.092,0.023,0.052,0.033,0.033,0.011,0.082,0.091,0.071,0.024,0.05,0.041,0.063,0.068,0.048,0.033,0.086,0.028,0.045,0.053,0.031,0.061,0.062
Diarrhea,0.099,0.037,0.098,0.069,0.035,0.061,0.072,0.077,0.014,0.065,0.055,0.091,0.036,0.082,0.065,0.042,0.067,0.066,0.071,0.075,0.069,0.085,0.067,0.091,0.068,0.038,0.05,0.062,0.076,0.018,0.037,0.077,0.026,0.022,0.059,0.097,0.058,0.092,0.085,0.033,0.084,0.053,0.25,0.077,0.04,0.02,0.097,0.023,0.097,0.087,0.075,0.098,0.097,0.6,0.6,0.8,0.011,0.058,0.051,0.071,0.25,0.063,0.4,0.095,0.02,0.031,0.012,0.09,0.061,0.092,0.03,0.016,0.084,0.092,0.037,0.047,0.023,0.095,0.037,0.054,0.019,0.09,0.022,0.051,0.07,0.077,0.095,0.048,0.077,0.024,0.047,0.019,0.054,0.047,0.096,0.013,0.043,0.05,0.096,0.087
Abdominal pain,0.4,0.072,0.059,0.098,0.042,0.046,0.027,0.021,0.086,0.051,0.07,0.068,0.064,0.012,0.081,0.032,0.021,0.061,0.016,0.079,0.029,0.029,0.088,0.04,0.023,0.091,0.01,0.087,0.023,0.022,0.033,0.026,0.069,0.012,0.011,0.081,0.031,0.039,0.6,0.015,0.077,0.057,0.6,0.053,0.08,0.056,0.02,0.055,0.095,0.014,0.08,0.4,0.057,0.051,0.7,0.5,0.053,0.046,0.072,0.054,0.6,0.7,0.8,0.7,0.3,0.3,0.067,0.4,0.5,0.6,0.058,0.6,0.9,0.3,0.5,0.8,0.069,0.6,0.62,0.6,0.2,0.2,0.2,0.2,0.2,0.2,0.2,0.2,0.2,0.024,0.093,0.016,0.085,0.018,0.019,0.076,0.083,0.06,0.8,0.061
Loss of appetite,0.3,0.021,0.042,0.07,0.078,0.088,0.075,0.097,0.064,0.042,0.062,0.029,0.069,0.03,0.02,0.086,0.043,0.079,0.062,0.083,0.086,0.098,0.084,0.065,0.068,0.012,0.094,0.085,0.034,0.026,0.073,0.038,0.041,0.011,0.088,0.061,0.046,0.023,0.067,0.013,0.077,0.029,0.4,0.3,0.043,0.075,0.08,0.061,0.018,0.015,0.024,0.066,0.071,0.034,0.07,0.054,0.05,0.035,0.078,0.02,0.049,0.035,0.071,0.054,0.07,0.014,0.41,0.064,0.011,0.037,0.029,0.022,0.033,0.04,0.011,0.077,0.026,0.044,0.073,0.055,0.2,0.2,0.2,0.2,0.2,0.2,0.2,0.2,0.2,0.062,0.074,0.048,0.02,0.012,0.039,0.082,0.066,0.085,0.093,0.018
Weight loss,0.086,0.032,0.063,0.057,0.046,0.038,0.041,0.04,0.025,0.056,0.02,0.056,0.092,0.041,0.6,0.084,0.4,0.031,0.023,0.028,0.064,0.078,0.069,0.026,0.08,0.054,0.078,0.078,0.05,0.093,0.061,0.067,0.5,0.088,0.5,0.024,0.3,0.05,0.037,0.3,0.015,0.056,0.038,0.4,0.015,0.085,0.017,0.088,0.087,0.065,0.056,0.052,0.06,0.4,0.4,0.05,0.083,0.6,0.039,0.053,0.024,0.016,0.019,0.091,0.041,0.074,0.055,0.026,0.032,0.049,0.05,0.057,0.024,0.044,0.035,0.047,0.04,0.064,0.081,0.068,0.2,0.2,0.2,0.2,0.2,0.2,0.2,0.2,0.2,0.062,0.023,0.041,0.097,0.073,0.045,0.064,0.094,0.038,0.044,0.081
Weight gain,0.083,0.07,0.085,0.076,0.072,0.057,0.068,0.048,0.043,0.043,0.026,0.029,0.095,0.054,0.03,0.022,0.017,0.086,0.019,0.079,0.085,0.09,0.013,0.04,0.079,0.022,0.044,0.025,0.085,0.079,0.083,0.4,0.049,0.6,0.071,0.4,0.3,1,0.077,0.3,0.058,0.038,0.083,0.052,0.085,0.043,0.095,0.099,0.052,0.035,0.044,0.057,0.097,0.084,0.082,0.022,0.033,0.068,0.089,0.06,0.019,0.086,0.087,0.036,0.079,0.035,0.091,0.023,0.049,0.095,0.03,0.051,0.041,0.012,0.015,0.055,0.031,0.1,0.044,0.013,0.094,0.086,0.068,0.081,0.022,0.036,0.085,0.073,0.022,0.073,0.05,0.01,0.017,0.033,0.085,0.059,0.075,0.057,0.02,0.036
Chest pain,0.4,0.7,0.85,0.081,0.051,0.02,0.091,0.3,0.15,0.056,0.2,0.023,0.5,0.065,0.032,0.6,0.2,0.018,0.098,0.016,0.057,0.056,0.099,0.06,0.045,0.052,0.067,0.098,0.033,0.011,0.081,0.041,0.076,0.067,0.079,0.076,0.04,0.014,0.6,0.083,0.026,0.08,0.6,0.073,0.067,0.083,0.016,0.08,0.051,0.036,0.014,0.4,0.014,0.094,0.056,0.099,0.059,0.033,0.078,0.027,0.6,0.7,0.8,0.7,0.3,0.3,0.09,0.4,0.5,0.6,0.098,0.6,0.9,0.3,0.5,0.8,0.075,0.6,0.62,0.6,0.2,0.2,0.2,0.2,0.2,0.2,0.2,0.2,0.2,0.014,0.088,0.042,0.1,0.035,0.098,0.095,0.017,0.067,0.8,0.082
Palpitations,0.2,0.15,0.023,0.065,0.7,0.013,0.016,0.08,0.6,0.044,0.061,0.064,0.071,0.095,0.043,0.079,0.062,0.058,0.046,0.068,0.032,0.02,0.076,0.055,0.045,0.061,0.034,0.033,0.05,0.1,0.036,0.092,0.4,0.021,0.087,0.051,0.091,0.05,0.018,0.071,0.086,0.039,0.041,0.016,0.059,0.09,0.087,0.074,0.093,0.067,0.081,0.056,0.021,0.028,0.022,0.081,0.012,0.4,0.043,0.082,0.06,0.065,0.018,0.038,0.1,0.075,0.057,0.079,0.084,0.017,0.098,0.068,0.05,0.071,0.041,0.089,0.08,0.068,0.026,0.097,0.049,0.092,0.015,0.021,0.024,0.025,0.039,0.074,0.041,0.095,0.091,0.086,0.033,0.067,0.06,0.021,0.037,0.058,0.055,0.025
Dizziness,0.08,0.024,0.069,0.075,0.25,0.086,0.061,0.084,0.25,0.014,0.068,0.062,0.069,0.079,0.047,0.068,0.055,0.066,0.036,0.096,0.053,0.082,0.072,0.037,0.017,0.015,0.05,0.054,0.028,0.065,0.038,0.075,0.076,0.087,0.098,0.022,0.043,0.061,0.039,0.052,0.034,0.032,0.019,0.036,0.045,0.065,0.032,0.088,0.024,0.039,0.062,0.038,0.079,0.055,0.056,0.055,0.038,0.012,0.095,0.055,0.097,0.029,0.042,0.015,0.055,0.089,0.069,0.052,0.058,0.086,0.049,0.089,0.075,0.079,0.043,0.046,0.061,0.028,0.06,0.017,0.055,0.079,0.035,0.099,0.071,0.021,0.098,0.045,0.082,0.041,0.095,0.078,0.028,0.056,0.055,0.014,0.022,0.04,0.053,0.051
Lightheadedness,0.065,0.056,0.3,0.065,0.025,0.099,0.077,0.037,0.04,0.085,0.058,0.074,0.037,0.083,0.043,0.071,0.098,0.063,0.082,0.075,0.072,0.012,0.053,0.097,0.08,0.08,0.062,0.075,0.063,0.025,0.067,0.066,0.086,0.023,0.071,0.013,0.095,0.02,0.012,0.038,0.024,0.072,0.047,0.08,0.093,0.089,0.076,0.016,0.022,0.029,0.039,0.07,0.057,0.038,0.026,0.092,0.041,0.042,0.079,0.075,0.068,0.072,0.065,0.027,0.032,0.06,0.03,0.098,0.037,0.036,0.029,0.073,0.039,0.041,0.094,0.082,0.035,0.021,0.071,0.044,0.098,0.084,0.096,0.082,0.036,0.036,0.074,0.041,0.05,0.033,0.053,0.028,0.058,0.094,0.073,0.022,0.065,0.063,0.032,0.07
Fainting,0.058,0.067,0.015,0.047,0.1,0.019,0.079,0.01,0.06,0.094,0.047,0.094,0.089,0.053,0.028,0.1,0.039,0.068,0.092,0.018,0.062,0.058,0.075,0.094,0.092,0.026,0.089,0.026,0.093,0.1,0.046,0.055,0.094,0.097,0.093,0.089,0.011,0.061,0.02,0.098,0.036,0.099,0.059,0.054,0.094,0.087,0.052,0.027,0.02,0.025,0.051,0.033,0.027,0.076,0.081,0.061,0.078,0.026,0.087,0.091,0.084,0.056,0.018,0.07,0.027,0.023,0.039,0.032,0.033,0.031,0.078,0.096,0.037,0.075,0.011,0.069,0.072,0.016,0.021,0.038,0.046,0.055,0.091,0.073,0.038,0.021,0.092,0.037,0.065,0.03,0.022,0.024,0.077,0.065,0.047,0.059,0.052,0.058,0.07,0.03
Swelling,0.032,0.078,0.089,0.5,0.05,0.073,0.017,0.061,0.016,0.5,0.055,0.062,0.023,0.04,0.057,0.02,0.028,0.062,0.018,0.056,0.083,0.051,0.056,0.051,0.015,0.052,0.083,0.075,0.046,0.083,0.077,0.062,0.014,0.041,0.016,0.099,0.094,0.016,0.3,0.013,0.047,0.079,0.079,0.098,0.068,0.048,0.099,0.044,0.088,0.092,0.044,0.071,0.07,0.059,0.069,0.041,0.026,0.058,0.058,0.076,0.03,0.01,0.012,0.037,0.071,0.3,0.058,0.084,0.032,0.041,0.035,0.3,0.075,0.02,0.083,0.3,0.079,0.3,0.32,0.3,0.019,0.013,0.064,0.073,0.014,0.077,0.046,0.031,0.03,0.088,0.015,0.055,0.036,0.083,0.076,0.039,0.064,0.071,0.039,0.037
Joint pain,0.4,0.069,0.03,0.037,0.015,0.095,0.089,0.092,0.066,0.048,0.055,0.098,0.095,0.07,0.081,0.039,0.047,0.023,0.044,0.078,0.053,0.086,0.037,0.074,0.083,0.092,0.061,0.097,0.06,0.022,0.032,0.028,0.068,0.093,0.086,0.018,0.075,0.3,0.6,0.071,0.064,0.089,0.6,0.079,0.075,0.4,0.053,0.088,0.04,0.096,0.85,0.4,0.097,0.021,0.1,0.053,0.032,0.064,0.028,0.092,0.6,0.7,0.8,0.7,0.3,0.3,0.056,0.4,0.5,0.6,0.9,0.6,0.9,0.3,0.5,0.8,0.03,0.6,0.62,0.6,0.2,0.2,0.2,0.2,0.2,0.2,0.2,0.2,0.2,0.033,0.084,0.097,0.068,0.054,0.025,0.082,0.025,0.075,0.8,0.093
Muscle pain,0.4,0.068,0.015,0.013,0.086,0.095,0.07,0.079,0.047,0.086,0.031,0.074,0.011,0.056,0.044,0.066,0.07,0.065,0.053,0.6,0.011,0.06,0.011,0.058,0.035,0.098,0.012,0.083,0.071,0.083,0.092,0.02,0.019,0.023,0.027,0.057,0.083,0.034,0.6,0.044,0.047,0.061,0.6,0.03,0.072,0.086,0.069,0.087,0.078,0.018,0.044,0.4,0.015,0.011,0.025,0.055,0.049,0.081,0.061,0.087,0.6,0.7,0.8,0.7,0.3,0.3,0.053,0.4,0.5,0.6,0.091,0.6,0.9,0.3,0.5,0.8,0.063,0.6,0.62,0.6,0.2,0.2,0.2,0.2,0.2,0.2,0.2,0.2,0.2,0.099,0.075,0.055,0.098,0.015,0.049,0.085,0.041,0.079,0.8,0.046
Stiffness,0.08,0.013,0.035,0.099,0.054,0.042,0.095,0.049,0.071,0.069,0.018,0.066,0.082,0.074,0.017,0.024,0.074,0.067,0.077,0.039,0.02,0.01,0.038,0.042,0.034,0.022,0.027,0.05,0.06,0.047,0.012,0.042,0.018,0.064,0.039,0.045,0.036,0.045,0.5,0.091,0.091,0.098,0.061,0.025,0.044,0.022,0.037,0.054,0.016,0.049,0.7,0.054,0.017,0.033,0.032,0.066,0.7,0.028,0.02,0.3,0.095,0.04,0.066,0.082,0.04,0.04,0.083,0.087,0.098,0.022,0.6,0.5,0.028,0.038,0.097,0.5,0.036,0.5,0.52,0.5,0.032,0.044,0.083,0.045,0.02,0.061,0.063,0.059,0.071,0.06,0.096,0.052,0.074,0.049,0.036,0.072,0.084,0.082,0.047,0.055
Back pain,0.4,0.032,0.069,0.074,0.081,0.017,0.099,0.053,0.046,0.056,0.093,0.072,0.059,0.081,0.042,0.091,0.058,0.067,0.018,0.079,0.069,0.042,0.068,0.014,0.099,0.071,0.046,0.078,0.097,0.049,0.011,0.033,0.056,0.057,0.062,0.062,0.05,0.045,0.6,0.063,0.055,0.041,0.6,0.019,0.047,0.097,0.02,0.095,0.023,0.038,0.051,0.4,0.053,0.053,0.049,0.073,0.8,0.037,0.083,0.02,0.6,0.7,0.8,0.7,0.3,0.3,0.026,0.4,0.5,0.6,0.031,0.6,0.9,0.3,0.5,0.8,0.065,0.6,0.62,0.6,0.2,0.2,0.2,0.2,0.2,0.2,0.2,0.2,0.2,0.051,0.034,0.088,0.057,0.068,0.064,0.065,0.063,0.041,0.8,0.066
Neck pain,0.4,0.074,0.037,0.065,0.018,0.022,0.021,0.037,0.026,0.072,0.056,0.048,0.022,0.045,0.027,0.067,0.072,0.068,0.1,0.06,0.054,0.023,0.038,0.051,0.015,0.042,0.011,0.022,0.083,0.097,0.055,0.055,0.072,0.047,0.086,0.054,0.017,0.013,0.6,0.036,0.035,0.058,0.6,0.051,0.077,0.079,0.059,0.02,0.02,0.08,0.084,0.4,0.084,0.014,0.075,0.059,0.099,0.019,0.085,0.078,0.6,0.7,0.8,0.7,0.3,0.3,0.099,0.4,0.5,0.6,0.063,0.6,0.9,0.3,0.5,0.8,0.029,0.6,0.62,0.6,0.2,0.2,0.2,0.2,0.2,0.2,0.2,0.2,0.2,0.019,0.097,0.081,0.093,0.099,0.088,0.021,0.088,0.032,0.8,0.085
Shoulder pain,0.4,0.071,0.054,0.062,0.034,0.047,0.051,0.067,0.089,0.018,0.056,0.035,0.094,0.043,0.096,0.039,0.01,0.08,0.076,0.076,0.051,0.07,0.042,0.016,0.058,0.03,0.049,0.029,0.034,0.085,0.04,0.062,0.061,0.054,0.041,0.071,0.014,0.019,0.6,0.051,0.021,0.087,0.6,0.01,0.096,0.028,0.072,0.022,0.068,0.024,0.094,0.4,0.069,0.033,0.043,0.091,0.025,0.046,0.037,0.073,0.6,0.7,0.8,0.7,0.3,0.3,0.03,0.4,0.5,0.6,0.084,0.6,0.9,0.3,0.5,0.8,0.076,0.6,0.62,0.6,0.2,0.2,0.2,0.2,0.2,0.2,0.2,0.2,0.2,0.05,0.075,0.067,0.024,0.047,0.072,0.087,0.018,0.019,0.8,0.063
Tingling,0.045,0.097,0.038,0.023,0.035,0.018,0.06,0.064,0.065,0.08,0.072,0.086,0.069,0.037,0.057,0.056,0.077,0.037,0.015,0.091,0.096,0.055,0.02,0.055,0.063,0.058,0.098,0.6,0.094,0.022,0.087,0.061,0.043,0.071,0.079,0.096,0.079,0.012,0.016,0.034,0.014,0.015,0.081,0.056,0.067,0.055,0.047,0.073,0.017,0.058,0.065,0.035,0.038,0.056,0.028,0.083,0.058,0.045,0.067,0.085,0.071,0.016,0.073,0.076,0.086,0.015,0.018,0.049,0.051,0.065,0.038,0.077,0.077,0.021,0.074,0.073,0.7,0.096,0.057,0.08,0.075,0.025,0.021,0.08,0.034,0.09,0.079,0.013,0.083,0.034,0.016,0.074,0.062,0.017,0.051,0.042,0.055,0.061,0.043,0.033
Numbness,0.019,0.062,0.075,0.031,0.056,0.2,0.2,0.032,0.052,0.044,0.024,0.094,0.087,0.06,0.092,0.077,0.048,0.039,0.047,0.075,0.034,0.2,0.044,0.055,0.5,0.026,0.2,0.6,0.096,0.22,0.052,0.035,0.086,0.039,0.06,0.011,0.028,0.061,0.037,0.066,0.052,0.063,0.054,0.08,0.028,0.091,0.078,0.032,0.011,0.047,0.031,0.041,0.086,0.089,0.096,0.01,0.069,0.086,0.075,0.019,0.058,0.031,0.054,0.015,0.1,0.074,0.018,0.093,0.091,0.057,0.073,0.044,0.098,0.2,0.019,0.022,0.8,0.017,0.061,0.049,0.097,0.031,0.033,0.038,0.082,0.073,0.076,0.039,0.034,0.017,0.028,0.08,0.063,0.024,0.025,0.052,0.047,0.058,0.097,0.029
Weakness,0.038,0.034,0.021,0.024,0.072,0.084,0.3,0.014,0.085,0.04,0.018,0.032,0.042,0.056,0.071,0.033,0.099,0.013,0.046,0.051,0.077,0.3,0.052,0.082,0.6,0.011,0.3,0.2,0.022,0.31,0.044,0.067,0.068,0.062,0.033,0.083,0.012,0.016,0.091,0.05,0.022,0.091,0.085,0.04,0.014,0.051,0.025,0.062,0.084,0.046,0.013,0.071,0.026,0.029,0.027,0.035,0.09,0.013,0.066,0.032,0.037,0.047,0.06,0.015,0.035,0.022,0.028,0.09,0.057,0.067,0.082,0.082,0.099,0.08,0.042,0.059,0.4,0.092,0.055,0.045,0.026,0.039,0.03,0.091,0.08,0.015,0.099,0.058,0.079,0.1,0.098,0.019,0.069,0.034,0.083,0.093,0.015,0.1,0.03,0.086
Tremor,0.082,0.042,0.086,0.086,0.026,0.063,0.083,0.073,0.092,0.013,0.073,0.095,0.061,0.061,0.027,0.099,0.089,0.054,0.038,0.054,0.018,0.031,0.03,0.057,0.01,0.093,0.028,0.022,0.075,0.093,0.086,0.039,0.012,0.063,0.093,0.08,0.086,0.087,0.096,0.044,0.095,0.046,0.019,0.037,0.022,0.024,0.095,0.081,0.096,0.068,0.026,0.097,0.072,0.094,0.081,0.03,0.063,0.026,0.038,0.072,0.021,0.076,0.095,0.095,0.045,0.099,0.097,0.013,0.064,0.093,0.097,0.03,0.061,0.094,0.023,0.077,0.031,0.098,0.025,0.09,0.018,0.074,0.068,0.09,0.05,0.034,0.032,0.016,0.033,0.02,0.01,0.045,0.076,0.097,0.09,0.054,0.044,0.059,0.019,0.053
Confusion,0.088,0.069,0.072,0.025,0.017,0.086,0.15,0.039,0.096,0.017,0.025,0.044,0.076,0.059,0.091,0.018,0.063,0.065,0.053,0.013,0.7,0.15,0.4,0.024,0.019,0.028,0.15,0.073,0.075,0.18,0.034,0.035,0.031,0.014,0.061,0.086,0.024,0.042,0.048,0.037,0.07,0.064,0.028,0.012,0.025,0.036,0.017,0.086,0.038,0.046,0.054,0.069,0.018,0.059,0.027,0.09,0.043,0.05,0.034,0.052,0.03,0.034,0.016,0.078,0.07,0.018,0.041,0.059,0.097,0.063,0.06,0.086,0.084,0.048,0.058,0.088,0.053,0.089,0.053,0.017,0.091,0.074,0.055,0.091,0.082,0.071,0.066,0.021,0.078,0.026,0.099,0.097,0.083,0.021,0.048,0.099,0.049,0.1,0.066,0.085
Memory loss,0.033,0.092,0.092,0.016,0.045,0.046,0.039,0.035,0.051,0.089,0.081,0.066,0.057,0.048,0.047,0.023,0.063,0.078,0.095,0.093,0.9,0.019,0.036,0.058,0.041,0.047,0.044,0.054,0.065,0.013,0.035,0.023,0.065,0.072,0.013,0.09,0.04,0.031,0.077,0.093,0.091,0.012,0.084,0.037,0.035,0.054,0.073,0.019,0.088,0.022,0.098,0.05,0.084,0.034,0.048,0.068,0.027,0.029,0.084,0.077,0.078,0.088,0.084,0.056,0.024,0.038,0.056,0.022,0.087,0.089,0.013,0.027,0.4,0.085,0.032,0.051,0.093,0.073,0.035,0.084,0.2,0.2,0.2,0.2,0.2,0.2,0.2,0.2,0.2,0.041,0.025,0.091,0.077,0.072,0.036,0.045,0.025,0.062,0.097,0.087
Blurred vision,0.02,0.071,0.034,0.047,0.012,0.08,0.079,0.011,0.092,0.068,0.064,0.011,0.033,0.082,0.037,0.097,0.068,0.048,0.044,0.041,0.033,0.052,0.071,0.3,0.046,0.019,0.056,0.07,0.086,0.044,0.2,0.065,0.037,0.02,0.016,0.099,0.068,0.088,0.034,0.074,0.09,0.037,0.023,0.079,0.091,0.082,0.082,0.064,0.069,0.071,0.075,0.069,0.1,0.033,0.048,0.045,0.013,0.074,0.061,0.027,0.075,0.03,0.058,0.081,0.092,0.07,0.056,0.086,0.086,0.089,0.026,0.019,0.022,0.033,0.083,0.079,0.026,0.071,0.04,0.018,0.3,0.3,0.3,0.3,0.3,0.3,0.3,0.3,0.3,0.088,0.063,0.095,0.016,0.09,0.055,0.088,0.044,0.037,0.015,0.087
Double vision,0.022,0.028,0.047,0.061,0.092,0.051,0.038,0.074,0.08,0.054,0.067,0.026,0.067,0.01,0.035,0.079,0.025,0.079,0.054,0.079,0.018,0.065,0.067,0.046,0.097,0.044,0.013,0.028,0.044,0.011,0.039,0.085,0.027,0.071,0.066,0.032,0.072,0.041,0.022,0.045,0.063,0.025,0.084,0.037,0.036,0.076,0.064,0.04,0.09,0.1,0.041,0.091,0.042,0.027,0.095,0.093,0.046,0.031,0.075,0.022,0.076,0.063,0.025,0.043,0.069,0.013,0.089,0.033,0.058,0.014,0.1,0.07,0.069,0.012,0.072,0.048,0.044,0.059,0.053,0.024,0.3,0.3,0.3,0.3,0.3,0.3,0.3,0.3,0.3,0.019,0.075,0.021,0.02,0.02,0.028,0.028,0.034,0.057,0.028,0.073
Dry eyes,0.037,0.014,0.055,0.029,0.094,0.04,0.01,0.07,0.092,0.085,0.07,0.023,0.018,0.056,0.075,0.019,0.033,0.031,0.099,0.037,0.052,0.019,0.026,0.014,0.036,0.082,0.038,0.076,0.019,0.078,0.014,0.087,0.07,0.025,0.042,0.049,0.066,0.089,0.018,0.083,0.026,0.046,0.097,0.034,0.045,0.087,0.082,0.068,0.082,0.02,0.073,0.015,0.3,0.024,0.047,0.063,0.082,0.071,0.7,0.044,0.042,0.013,0.072,0.085,0.098,0.022,0.093,0.02,0.047,0.014,0.034,0.038,0.073,0.071,0.079,0.062,0.061,0.098,0.07,0.04,0.2,0.2,0.2,0.2,0.2,0.2,0.2,0.2,0.2,0.06,0.3,0.3,0.32,0.3,0.086,0.3,0.3,0.3,0.054,0.32
Eye pain,0.4,0.015,0.03,0.068,0.046,0.031,0.051,0.082,0.05,0.087,0.05,0.021,0.055,0.069,0.019,0.047,0.06,0.01,0.018,0.064,0.066,0.037,0.056,0.029,0.07,0.096,0.043,0.015,0.03,0.051,0.06,0.066,0.053,0.069,0.074,0.02,0.078,0.03,0.6,0.085,0.097,0.036,0.6,0.073,0.014,0.025,0.023,0.075,0.075,0.02,0.065,0.4,0.094,0.045,0.051,0.08,0.075,0.02,0.047,0.093,0.6,0.7,0.8,0.7,0.3,0.3,0.022,0.4,0.5,0.6,0.094,0.6,0.9,0.3,0.5,0.8,0.062,0.6,0.62,0.6,0.2,0.2,0.2,0.2,0.2,0.2,0.2,0.2,0.2,0.097,0.051,0.022,0.047,0.073,0.077,0.037,0.073,0.087,0.8,0.094
Red eyes,0.067,0.028,0.066,0.036,0.041,0.071,0.098,0.069,0.096,0.055,0.072,0.039,0.02,0.042,0.053,0.061,0.07,0.048,0.077,0.086,0.036,0.086,0.083,0.057,0.012,0.023,0.07,0.028,0.078,0.024,0.036,0.033,0.086,0.072,0.037,0.078,0.013,0.083,0.019,0.088,0.077,0.088,0.077,0.061,0.031,0.081,0.082,0.036,0.07,0.093,0.045,0.096,0.098,0.038,0.06,0.011,0.033,0.066,0.08,0.088,0.085,0.092,0.073,0.068,0.078,0.059,0.064,0.08,0.097,0.036,0.026,0.071,0.027,0.026,0.056,0.044,0.049,0.06,0.022,0.063,0.2,0.2,0.2,0.2,0.2,0.2,0.2,0.2,0.2,0.07,0.054,0.062,0.042,0.081,0.039,0.03,0.027,0.016,0.055,0.047
Hearing loss,0.058,0.018,0.03,0.029,0.04,0.042,0.03,0.078,0.058,0.1,0.084,0.098,0.011,0.07,0.05,0.091,0.065,0.066,0.096,0.071,0.039,0.092,0.095,0.045,0.059,0.035,0.092,0.084,0.044,0.082,0.05,0.014,0.091,0.027,0.056,0.095,0.025,0.096,0.058,0.011,0.016,0.07,0.08,0.088,0.048,0.019,0.058,0.073,0.098,0.08,0.068,0.095,0.077,0.024,0.051,0.04,0.018,0.015,0.081,0.06,0.062,0.03,0.033,0.045,0.067,0.049,0.012,0.071,0.058,0.068,0.066,0.078,0.063,0.073,0.017,0.094,0.02,0.081,0.037,0.018,0.2,0.2,0.2,0.2,0.2,0.2,0.2,0.2,0.2,0.2,0.096,0.023,0.071,0.092,0.082,0.076,0.044,0.095,0.06,0.06
Ear pain,0.4,0.01,0.064,0.058,0.095,0.037,0.077,0.091,0.041,0.047,0.068,0.056,0.024,0.03,0.085,0.027,0.026,0.082,0.087,0.087,0.094,0.099,0.052,0.059,0.036,0.016,0.019,0.075,0.054,0.04,0.022,0.069,0.019,0.066,0.091,0.039,0.051,0.065,0.6,0.063,0.061,0.043,0.6,0.049,0.01,0.032,0.03,0.077,0.049,0.086,0.022,0.4,0.089,0.052,0.042,0.037,0.06,0.026,0.065,0.086,0.6,0.7,0.8,0.7,0.3,0.3,0.017,0.4,0.5,0.6,0.062,0.6,0.9,0.3,0.5,0.8,0.1,0.6,0.62,0.6,0.2,0.2,0.2,0.2,0.2,0.2,0.2,0.2,0.2,0.8,0.083,0.065,0.025,0.056,0.05,0.026,0.095,0.069,0.8,0.076
Ringing in ears,0.054,0.042,0.03,0.054,0.016,0.043,0.014,0.029,0.092,0.043,0.052,0.051,0.014,0.098,0.039,0.073,0.057,0.085,0.085,0.034,0.059,0.026,0.069,0.043,0.069,0.085,0.056,0.044,0.092,0.056,0.042,0.088,0.054,0.053,0.064,0.055,0.023,0.025,0.017,0.068,0.029,0.027,0.043,0.075,0.021,0.031,0.083,0.075,0.053,0.053,0.029,0.025,0.085,0.012,0.014,0.062,0.025,0.067,0.014,0.062,0.015,0.033,0.026,0.096,0.064,0.061,0.012,0.075,0.07,0.036,0.018,0.05,0.099,0.088,0.025,0.085,0.064,0.082,0.084,0.026,0.069,0.034,0.075,0.041,0.051,0.063,0.031,0.045,0.02,0.028,0.087,0.055,0.048,0.023,0.019,0.053,0.065,0.014,0.081,0.055
Runny nose,0.021,0.053,0.022,0.064,0.084,0.091,0.08,0.068,0.057,0.043,0.014,0.058,0.031,0.082,0.081,0.044,0.063,0.077,0.079,0.073,0.019,0.022,0.053,0.031,0.087,0.035,0.089,0.047,0.027,0.074,0.081,0.062,0.021,0.011,0.069,0.072,0.038,0.043,0.024,0.069,0.8,0.087,0.048,0.043,0.035,0.071,0.078,0.047,0.081,0.053,0.043,0.06,0.033,0.038,0.041,0.073,0.076,0.087,0.069,0.077,0.05,0.073,0.025,0.029,0.046,0.04,0.06,0.073,0.074,0.024,0.097,0.01,0.018,0.023,0.093,0.049,0.016,0.03,0.017,0.013,0.045,0.099,0.065,0.057,0.074,0.064,0.095,0.084,0.068,0.05,0.028,0.069,0.082,0.036,0.013,0.064,0.056,0.031,0.025,0.013
Nasal congestion,0.032,0.01,0.024,0.1,0.08,0.042,0.046,0.063,0.057,0.076,0.016,0.018,0.036,0.085,0.092,0.041,0.097,0.035,0.065,0.028,0.094,0.062,0.033,0.047,0.02,0.017,0.036,0.095,0.082,0.096,0.089,0.083,0.062,0.072,0.097,0.061,0.079,0.078,0.097,0.051,0.051,0.063,0.012,0.02,0.016,0.067,0.099,0.071,0.031,0.038,0.096,0.056,0.011,0.085,0.032,0.018,0.071,0.084,0.017,0.094,0.053,0.042,0.09,0.034,0.095,0.071,0.092,0.055,0.028,0.076,0.089,0.029,0.028,0.032,0.066,0.024,0.02,0.093,0.071,0.07,0.065,0.079,0.059,0.014,0.053,0.066,0.054,0.099,0.091,0.088,0.054,0.099,0.092,0.035,0.03,0.062,0.015,0.082,0.053,0.059
Sneezing,0.055,0.045,0.072,0.026,0.098,0.073,0.051,0.072,0.011,0.029,0.062,0.039,0.065,0.033,0.059,0.031,0.052,0.065,0.043,0.055,0.029,0.073,0.044,0.087,0.035,0.026,0.022,0.062,0.031,0.019,0.034,0.031,0.049,0.044,0.023,0.096,0.023,0.083,0.026,0.055,0.7,0.086,0.057,0.075,0.081,0.037,0.061,0.061,0.046,0.072,0.015,0.083,0.053,0.067,0.05,0.04,0.042,0.06,0.094,0.033,0.012,0.021,0.088,0.097,0.028,0.062,0.068,0.026,0.08,0.042,0.071,0.054,0.076,0.09,0.044,0.036,0.067,0.023,0.025,0.083,0.04,0.067,0.061,0.086,0.016,0.025,0.031,0.039,0.036,0.034,0.068,0.034,0.05,0.088,0.043,0.063,0.097,0.047,0.027,0.012
Postnasal drip,0.075,0.07,0.095,0.073,0.017,0.025,0.019,0.016,0.089,0.059,0.012,0.046,0.079,0.017,0.034,0.024,0.069,0.09,0.038,0.032,0.036,0.066,0.022,0.085,0.013,0.07,0.087,0.039,0.053,0.098,0.059,0.035,0.05,0.097,0.073,0.026,0.064,0.067,0.067,0.061,0.057,0.068,0.038,0.041,0.059,0.082,0.05,0.043,0.033,0.037,0.01,0.083,0.086,0.041,0.052,0.011,0.093,0.095,0.053,0.011,0.049,0.036,0.031,0.011,0.044,0.047,0.06,0.046,0.025,0.076,0.045,0.044,0.034,0.048,0.032,0.079,0.092,0.083,0.072,0.036,0.077,0.083,0.047,0.087,0.026,0.036,0.067,0.066,0.034,0.066,0.027,0.012,0.014,0.058,0.027,0.019,0.034,0.074,0.075,0.031
Hoarseness,0.024,0.054,0.041,0.038,0.082,0.1,0.052,0.081,0.04,0.086,0.096,0.015,0.08,0.016,0.052,0.027,0.086,0.084,0.085,0.021,0.079,0.032,0.079,0.05,0.076,0.013,0.051,0.079,0.057,0.098,0.053,0.071,0.038,0.039,0.067,0.014,0.094,0.057,0.033,0.067,0.028,0.09,0.088,0.03,0.02,0.067,0.039,0.025,0.035,0.021,0.081,0.011,0.014,0.081,0.053,0.064,0.043,0.018,0.024,0.018,0.066,0.094,0.1,0.066,0.015,0.068,0.073,0.081,0.021,0.031,0.098,0.081,0.078,0.082,0.049,0.027,0.072,0.042,0.022,0.091,0.054,0.049,0.037,0.073,0.027,0.027,0.041,0.076,0.035,0.085,0.092,0.06,0.016,0.024,0.037,0.034,0.043,0.01,0.067,0.044
Difficulty swallowing,0.027,0.012,0.087,0.08,0.031,0.075,0.069,0.059,0.045,0.057,0.055,0.06,0.065,0.039,0.068,0.02,0.057,0.016,0.085,0.022,0.089,0.028,0.054,0.019,0.061,0.085,0.069,0.057,0.073,0.033,0.043,0.065,0.016,0.094,0.029,0.054,0.09,0.017,0.082,0.015,0.06,0.094,0.047,0.043,0.074,0.084,0.034,0.014,0.016,0.037,0.095,0.096,0.019,0.075,0.058,0.027,0.057,0.032,0.066,0.026,0.077,0.047,0.019,0.067,0.042,0.051,0.07,0.089,0.025,0.026,0.046,0.04,0.024,0.1,0.05,0.042,0.038,0.099,0.039,0.043,0.079,0.049,0.075,0.065,0.061,0.029,0.079,0.093,0.033,0.097,0.05,0.046,0.075,0.098,0.064,0.057,0.099,0.037,0.037,0.03
Dry mouth,0.087,0.012,0.084,0.072,0.035,0.06,0.06,0.093,0.024,0.013,0.042,0.022,0.043,0.062,0.031,0.083,0.018,0.046,0.093,0.076,0.075,0.081,0.026,0.084,0.072,0.062,0.092,0.064,0.037,0.076,0.062,0.017,0.015,0.079,0.041,0.084,0.047,0.088,0.088,0.03,0.069,0.064,0.011,0.08,0.044,0.037,0.014,0.059,0.023,0.055,0.03,0.015,0.3,0.045,0.05,0.064,0.055,0.03,0.8,0.045,0.022,0.017,0.061,0.014,0.046,0.018,0.055,0.08,0.022,0.022,0.06,0.054,0.069,0.028,0.065,0.076,0.032,0.016,0.08,0.039,0.093,0.018,0.07,0.048,0.041,0.039,0.063,0.012,0.037,0.099,0.3,0.3,0.32,0.3,0.014,0.3,0.3,0.3,0.078,0.32
Mouth ulcers,0.02,0.015,0.095,0.093,0.088,0.084,0.011,0.072,0.02,0.051,0.012,0.029,0.058,0.028,0.057,0.033,0.053,0.076,0.023,0.073,0.012,0.062,0.07,0.014,0.025,0.036,0.081,0.066,0.015,0.069,0.011,0.045,0.034,0.087,0.069,0.088,0.012,0.088,0.068,0.031,0.044,0.098,0.019,0.038,0.088,0.058,0.027,0.055,0.051,0.093,0.012,0.032,0.058,0.04,0.045,0.024,0.041,0.042,0.066,0.031,0.098,0.055,0.083,0.066,0.089,0.09,0.083,0.013,0.06,0.035,0.024,0.091,0.069,0.018,0.044,0.096,0.065,0.066,0.03,0.032,0.024,0.097,0.092,0.04,0.059,0.029,0.022,0.059,0.082,0.088,0.038,0.073,0.057,0.022,0.1,0.098,0.023,0.094,0.093,0.039
Gum bleeding,0.06,0.095,0.021,0.039,0.089,0.075,0.079,0.089,0.047,0.047,0.05,0.094,0.09,0.094,0.035,0.08,0.02,0.027,0.079,0.065,0.034,0.061,0.031,0.031,0.072,0.042,0.072,0.053,0.055,0.064,0.074,0.044,0.087,0.054,0.022,0.027,0.013,0.079,0.011,0.034,0.047,0.077,0.099,0.078,0.016,0.093,0.099,0.088,0.054,0.039,0.051,0.032,0.046,0.014,0.076,0.044,0.038,0.065,0.077,0.063,0.057,0.15,0.081,0.057,0.051,0.084,0.014,0.1,0.6,0.046,0.076,0.06,0.056,0.067,0.014,0.036,0.046,0.037,0.084,0.052,0.048,0.065,0.015,0.057,0.023,0.085,0.051,0.075,0.02,0.08,0.094,0.073,0.022,0.047,0.22,0.026,0.063,0.074,0.028,0.051
Tooth pain,0.4,0.072,0.092,0.082,0.075,0.021,0.02,0.05,0.043,0.057,0.045,0.081,0.056,0.095,0.044,0.044,0.079,0.092,0.061,0.069,0.024,0.088,0.026,0.074,0.048,0.038,0.079,0.05,0.066,0.021,0.022,0.028,0.066,0.033,0.051,0.087,0.059,0.011,0.6,0.031,0.063,0.053,0.6,0.017,0.064,0.032,0.059,0.066,0.06,0.084,0.014,0.4,0.069,0.013,0.087,0.07,0.085,0.037,0.093,0.014,0.6,0.7,0.8,0.7,0.3,0.3,0.081,0.4,0.5,0.6,0.094,0.6,0.9,0.3,0.5,0.8,0.048,0.6,0.62,0.6,0.2,0.2,0.2,0.2,0.2,0.2,0.2,0.2,0.2,0.099,0.054,0.072,0.094,0.099,0.036,0.065,0.038,0.057,0.8,0.042
Bad breath,0.022,0.061,0.057,0.067,0.054,0.026,0.065,0.074,0.098,0.01,0.012,0.066,0.021,0.086,0.082,0.1,0.047,0.04,0.06,0.067,0.011,0.028,0.035,0.081,0.038,0.056,0.039,0.011,0.072,0.041,0.075,0.065,0.013,0.026,0.04,0.04,0.071,0.092,0.082,0.068,0.053,0.066,0.09,0.058,0.04,0.081,0.047,0.077,0.085,0.037,0.075,0.038,0.058,0.029,0.072,0.082,0.09,0.042,0.097,0.035,0.013,0.099,0.066,0.086,0.061,0.045,0.064,0.088,0.078,0.073,0.038,0.013,0.047,0.055,0.031,0.051,0.096,0.029,0.037,0.02,0.081,0.08,0.092,0.05,0.012,0.053,0.055,0.027,0.093,0.076,0.057,0.08,0.023,0.088,0.084,0.094,0.071,0.022,0.075,0.051
Itching,0.074,0.057,0.01,0.094,0.072,0.063,0.018,0.052,0.014,0.057,0.069,0.038,0.062,0.038,0.09,0.039,0.027,0.035,0.039,0.05,0.021,0.023,0.035,0.011,0.066,0.056,0.029,0.042,0.039,0.023,0.073,0.035,0.032,0.016,0.065,0.04,0.05,0.022,0.052,0.071,0.02,0.015,0.048,0.026,0.064,0.063,0.8,0.073,0.065,0.038,0.084,0.074,0.4,0.058,0.098,0.078,0.052,0.022,0.083,0.093,0.052,0.051,0.072,0.074,0.052,0.031,0.03,0.087,0.4,0.092,0.045,0.073,0.07,0.081,0.089,0.051,0.013,0.053,0.042,0.052,0.025,0.079,0.064,0.021,0.019,0.084,0.082,0.039,0.068,0.081,0.4,0.4,0.42,0.4,0.059,0.4,0.4,0.4,0.6,0.42
Rash,0.081,0.049,0.081,0.059,0.031,0.07,0.017,0.094,0.062,0.054,0.063,0.052,0.06,0.084,0.026,0.096,0.016,0.02,0.083,0.079,0.044,0.054,0.069,0.018,0.084,0.09,0.091,0.067,0.01,0.023,0.023,0.058,0.045,0.062,0.028,0.071,0.038,0.061,0.092,0.037,0.095,0.049,0.098,0.041,0.018,0.6,0.9,0.9,0.021,0.7,0.043,0.2,0.5,0.073,0.084,0.042,0.088,0.088,0.031,0.073,0.045,0.039,0.044,0.044,0.059,0.07,0.053,0.027,0.045,0.093,0.086,0.024,0.1,0.07,0.022,0.016,0.011,0.075,0.054,0.049,0.099,0.018,0.068,0.047,0.051,0.081,0.064,0.048,0.026,0.056,0.5,0.5,0.52,0.5,0.064,0.5,0.5,0.5,0.9,0.52
Hives,0.059,0.043,0.098,0.061,0.073,0.02,0.053,0.072,0.023,0.076,0.099,0.099,0.08,0.052,0.017,0.09,0.018,0.053,0.077,0.096,0.017,0.067,0.082,0.038,0.015,0.041,0.08,0.052,0.056,0.052,0.076,0.048,0.096,0.082,0.036,0.013,0.093,0.077,0.075,0.061,0.016,0.053,0.025,0.015,0.099,0.083,0.066,0.036,0.017,0.056,0.087,0.035,0.022,0.035,0.087,0.011,0.02,0.026,0.063,0.024,0.05,0.083,0.034,0.073,0.054,0.082,0.088,0.041,0.018,0.023,0.094,0.024,0.055,0.099,0.079,0.031,0.05,0.067,0.029,0.076,0.041,0.068,0.078,0.02,0.025,0.046,0.037,0.077,0.078,0.058,0.044,0.074,0.053,0.023,0.088,0.011,0.093,0.05,0.071,0.097
Dry skin,0.071,0.014,0.093,0.067,0.096,0.049,0.093,0.087,0.04,0.034,0.019,0.069,0.045,0.08,0.077,0.076,0.063,0.028,0.04,0.072,0.026,0.059,0.071,0.085,0.011,0.019,0.019,0.05,0.03,0.035,0.027,0.3,0.018,0.094,0.069,0.085,0.096,0.067,0.074,0.021,0.087,0.022,0.069,0.091,0.061,0.097,0.091,0.073,0.033,0.052,0.094,0.067,0.3,0.035,0.048,0.091,0.079,0.039,0.025,0.017,0.08,0.044,0.04,0.015,0.096,0.034,0.05,0.054,0.094,0.065,0.026,0.054,0.023,0.079,0.03,0.068,0.092,0.074,0.019,0.017,0.061,0.033,0.05,0.091,0.023,0.068,0.094,0.07,0.034,0.073,0.3,0.3,0.32,0.3,0.054,0.3,0.3,0.3,0.081,0.32
Flushing,0.01,0.096,0.084,0.053,0.061,0.094,0.042,0.071,0.046,0.067,0.096,0.018,0.058,0.096,0.017,0.051,0.079,0.068,0.026,0.014,0.045,0.027,0.073,0.091,0.067,0.042,0.018,0.067,0.076,0.023,0.027,0.075,0.063,0.054,0.016,0.059,0.038,0.058,0.085,0.05,0.1,0.013,0.015,0.081,0.014,0.021,0.083,0.07,0.051,0.071,0.089,0.023,0.062,0.093,0.013,0.023,0.069,0.052,0.093,0.014,0.073,0.022,0.026,0.014,0.038,0.081,0.051,0.025,0.063,0.084,0.02,0.055,0.082,0.03,0.082,0.048,0.083,0.098,0.071,0.039,0.098,0.062,0.022,0.085,0.081,0.079,0.063,0.04,0.021,0.023,0.047,0.073,0.06,0.049,0.093,0.014,0.019,0.086,0.065,0.08
Pale skin,0.011,0.054,0.011,0.026,0.018,0.069,0.09,0.047,0.083,0.08,0.072,0.029,0.068,0.057,0.047,0.094,0.065,0.013,0.026,0.055,0.096,0.066,0.08,0.041,0.01,0.031,0.021,0.058,0.019,0.043,0.079,0.059,0.03,0.079,0.069,0.035,0.027,0.082,0.072,0.097,0.053,0.026,0.07,0.014,0.068,0.036,0.049,0.04,0.082,0.078,0.014,0.077,0.3,0.026,0.081,0.054,0.02,0.091,0.075,0.063,0.039,0.028,0.071,0.039,0.08,0.039,0.019,0.076,0.088,0.044,0.03,0.052,0.054,0.09,0.023,0.094,0.051,0.045,0.022,0.075,0.067,0.098,0.028,0.021,0.072,0.015,0.022,0.087,0.051,0.025,0.3,0.3,0.32,0.3,0.067,0.3,0.3,0.3,0.087,0.32
Blue lips,0.087,0.054,0.1,0.063,0.085,0.035,0.076,0.076,0.032,0.039,0.062,0.09,0.063,0.023,0.062,0.01,0.098,0.014,0.052,0.079,0.013,0.058,0.053,0.082,0.084,0.051,0.032,0.06,0.011,0.076,0.095,0.022,0.037,0.068,0.018,0.053,0.037,0.073,0.087,0.077,0.012,0.051,0.079,0.089,0.046,0.081,0.043,0.052,0.067,0.087,0.016,0.09,0.04,0.013,0.048,0.034,0.095,0.059,0.082,0.081,0.017,0.089,0.076,0.015,0.095,0.071,0.09,0.02,0.043,0.066,0.043,0.026,0.06,0.016,0.074,0.028,0.098,0.031,0.02,0.053,0.095,0.062,0.096,0.029,0.077,0.03,0.042,0.034,0.071,0.035,0.016,0.041,0.054,0.057,0.021,0.074,0.071,0.058,0.036,0.066
Jaundice,0.082,0.095,0.083,0.095,0.016,0.09,0.051,0.017,0.091,0.036,0.096,0.02,0.035,0.073,0.055,0.089,0.057,0.066,0.036,0.097,0.059,0.022,0.041,0.05,0.068,0.036,0.016,0.088,0.031,0.095,0.068,0.047,0.041,0.068,0.039,0.063,0.073,0.086,0.05,0.037,0.022,0.081,0.5,0.033,0.054,0.097,0.079,0.014,0.042,0.051,0.025,0.093,0.074,0.036,0.098,0.086,0.072,0.07,0.024,0.031,0.014,0.038,0.021,0.1,0.027,0.4,0.52,0.039,0.041,0.044,0.059,0.025,0.037,0.093,0.046,0.055,0.023,0.051,0.039,0.01,0.076,0.098,0.04,0.073,0.053,0.036,0.095,0.098,0.062,0.023,0.061,0.092,0.05,0.072,0.076,0.091,0.023,0.06,0.038,0.046
Hair loss,0.086,0.05,0.018,0.015,0.068,0.063,0.03,0.094,0.035,0.012,0.058,0.05,0.07,0.018,0.056,0.028,0.039,0.064,0.095,0.092,0.042,0.023,0.087,0.043,0.044,0.036,0.042,0.098,0.089,0.018,0.076,0.05,0.099,0.082,0.036,0.083,0.097,0.048,0.091,0.023,0.063,0.018,0.029,0.053,0.088,0.099,0.016,0.096,0.078,0.018,0.047,0.092,0.047,0.06,0.074,0.078,0.022,0.027,0.044,0.06,0.014,0.084,0.085,0.037,0.06,0.052,0.012,0.01,0.034,0.096,0.085,0.053,0.069,0.09,0.048,0.054,0.072,0.032,0.021,0.035,0.2,0.2,0.2,0.2,0.2,0.2,0.2,0.2,0.2,0.021,0.056,0.062,0.086,0.025,0.015,0.039,0.089,0.022,0.025,0.035
Night sweats,0.048,0.092,0.042,0.036,0.058,0.094,0.056,0.079,0.026,0.019,0.078,0.059,0.089,0.084,0.6,0.037,0.072,0.072,0.019,0.062,0.084,0.011,0.057,0.044,0.054,0.041,0.092,0.019,0.024,0.03,0.027,0.091,0.065,0.085,0.057,0.058,0.06,0.078,0.02,0.051,0.017,0.084,0.093,0.25,0.7,0.043,0.084,0.09,0.064,0.079,0.041,0.074,0.013,0.083,0.03,0.087,0.023,0.03,0.021,0.022,0.017,0.072,0.081,0.017,0.08,0.078,0.014,0.02,0.081,0.056,0.015,0.021,0.033,0.016,0.07,0.078,0.08,0.093,0.028,0.091,0.027,0.042,0.018,0.086,0.095,0.095,0.041,0.024,0.055,0.076,0.032,0.061,0.019,0.062,0.011,0.03,0.027,0.035,0.091,0.058
Chills,0.098,0.019,0.029,0.055,0.074,0.043,0.063,0.05,0.096,0.026,0.042,0.044,0.029,0.03,0.02,0.099,0.021,0.02,0.022,0.6,0.073,0.06,0.014,0.04,0.02,0.036,0.064,0.038,0.098,0.05,0.06,0.036,0.087,0.027,0.016,0.086,0.053,0.071,0.026,0.1,0.054,0.019,0.049,0.069,0.8,0.023,0.046,0.063,0.019,0.093,0.098,0.016,0.098,0.04,0.064,0.099,0.021,0.085,0.075,0.035,0.074,0.062,0.035,0.081,0.068,0.046,0.053,0.064,0.046,0.054,0.035,0.079,0.02,0.033,0.055,0.067,0.022,0.019,0.015,0.016,0.071,0.097,0.044,0.071,0.024,0.066,0.019,0.017,0.078,0.079,0.081,0.028,0.07,0.054,0.034,0.041,0.087,0.059,0.096,0.013
Sensitivity to light,0.049,0.092,0.045,0.038,0.044,0.051,0.013,0.06,0.087,0.037,0.074,0.054,0.022,0.074,0.054,0.02,0.071,0.069,0.072,0.061,0.053,0.087,0.056,0.7,0.055,0.097,0.066,0.042,0.098,0.039,0.013,0.014,0.085,0.041,0.077,0.012,0.09,0.041,0.019,0.041,0.042,0.042,0.07,0.032,0.068,0.063,0.092,0.016,0.037,0.04,0.012,0.039,0.051,0.088,0.061,0.091,0.034,0.073,0.063,0.099,0.044,0.045,0.062,0.083,0.019,0.071,0.04,0.055,0.079,0.041,0.065,0.043,0.049,0.055,0.086,0.081,0.086,0.058,0.036,0.014,0.1,0.046,0.03,0.077,0.018,0.086,0.019,0.04,0.016,0.082,0.053,0.029,0.082,0.069,0.037,0.082,0.049,0.059,0.028,0.046
Insomnia,0.066,0.051,0.079,0.026,0.012,0.073,0.088,0.062,0.029,0.097,0.077,0.052,0.094,0.058,0.065,0.079,0.049,0.061,0.066,0.057,0.043,0.023,0.024,0.072,0.037,0.049,0.039,0.085,0.016,0.028,0.047,0.084,0.068,0.033,0.064,0.047,0.02,0.027,0.032,0.084,0.052,0.06,0.049,0.068,0.013,0.024,0.022,0.033,0.082,0.069,0.026,0.087,0.097,0.054,0.012,0.087,0.018,0.064,0.088,0.091,0.047,0.043,0.069,0.018,0.095,0.075,0.023,0.02,0.076,0.094,0.057,0.085,0.095,0.094,0.033,0.09,0.031,0.021,0.083,0.04,0.063,0.045,0.077,0.031,0.048,0.023,0.026,0.097,0.05,0.033,0.063,0.054,0.044,0.095,0.038,0.048,0.071,0.097,0.089,0.094
Anxiety,0.043,0.074,0.084,0.012,0.097,0.065,0.086,0.07,0.095,0.072,0.081,0.032,0.06,0.038,0.096,0.043,0.083,0.021,0.088,0.087,0.045,0.092,0.045,0.098,0.033,0.018,0.084,0.031,0.029,0.09,0.092,0.067,0.3,0.079,0.047,0.013,0.088,0.084,0.095,0.052,0.047,0.086,0.075,0.089,0.084,0.084,0.073,0.056,0.042,0.064,0.083,0.076,0.051,0.012,0.015,0.068,0.067,0.3,0.022,0.046,0.067,0.038,0.017,0.024,0.056,0.097,0.085,0.079,0.086,0.072,0.081,0.039,0.053,0.076,0.033,0.072,0.084,0.082,0.028,0.047,0.026,0.089,0.095,0.09,0.03,0.095,0.093,0.068,0.066,0.092,0.098,0.028,0.073,0.025,0.046,0.049,0.033,0.018,0.043,0.095
Depression,0.021,0.075,0.049,0.093,0.051,0.071,0.021,0.074,0.027,0.088,0.08,0.036,0.054,0.022,0.087,0.064,0.1,0.035,0.071,0.048,0.047,0.023,0.036,0.034,0.066,0.092,0.043,0.072,0.051,0.011,0.022,0.039,0.072,0.072,0.074,0.074,0.076,0.033,0.019,0.015,0.04,0.031,0.092,0.1,0.095,0.097,0.064,0.077,0.014,0.033,0.066,0.037,0.046,0.043,0.097,0.06,0.062,0.033,0.055,0.094,0.089,0.022,0.039,0.058,0.023,0.021,0.014,0.022,0.088,0.085,0.077,0.093,0.035,0.089,0.065,0.079,0.034,0.038,0.09,0.038,0.1,0.079,0.024,0.087,0.069,0.082,0.015,0.023,0.031,0.013,0.033,0.074,0.049,0.1,0.093,0.014,0.042,0.074,0.054,0.054
Irritability,0.086,0.088,0.021,0.018,0.088,0.026,0.025,0.056,0.035,0.09,0.063,0.063,0.097,0.057,0.061,0.047,0.017,0.079,0.071,0.09,0.3,0.071,0.071,0.045,0.063,0.096,0.085,0.024,0.017,0.085,0.069,0.051,0.096,0.063,0.011,0.097,0.069,0.096,0.039,0.076,0.076,0.096,0.061,0.029,0.014,0.068,0.039,0.015,0.016,0.096,0.044,0.046,0.026,0.097,0.088,0.018,0.087,0.025,0.08,0.036,0.078,0.069,0.021,0.054,0.049,0.083,0.038,0.072,0.022,0.07,0.085,0.056,0.054,0.09,0.053,0.061,0.048,0.078,0.083,0.065,0.049,0.048,0.014,0.041,0.052,0.03,0.072,0.024,0.055,0.067,0.057,0.036,0.049,0.092,0.053,0.023,0.022,0.091,0.086,0.057
Mood swings,0.037,0.014,0.017,0.014,0.02,0.048,0.019,0.069,0.061,0.033,0.033,0.017,0.055,0.02,0.07,0.026,0.026,0.045,0.017,0.089,0.037,0.063,0.051,0.07,0.066,0.034,0.097,0.088,0.027,0.027,0.077,0.064,0.088,0.02,0.058,0.011,0.021,0.025,0.053,0.072,0.088,0.097,0.064,0.054,0.066,0.098,0.042,0.071,0.072,0.046,0.037,0.021,0.011,0.02,0.011,0.097,0.087,0.029,0.068,0.068,0.049,0.066,0.081,0.027,0.037,0.052,0.053,0.012,0.025,0.024,0.073,0.097,0.052,0.087,0.063,0.028,0.061,0.085,0.015,0.011,0.067,0.074,0.098,0.086,0.076,0.064,0.06,0.036,0.054,0.054,0.063,0.065,0.071,0.084,0.054,0.074,0.058,0.048,0.038,0.016
Panic attacks,0.09,0.048,0.053,0.055,0.095,0.041,0.073,0.012,0.036,0.027,0.041,0.031,0.03,0.092,0.041,0.064,0.086,0.069,0.022,0.036,0.074,0.096,0.085,0.071,0.076,0.082,0.082,0.086,0.066,0.035,0.077,0.07,0.022,0.028,0.065,0.019,0.047,0.099,0.037,0.029,0.014,0.012,0.089,0.042,0.024,0.085,0.091,0.013,0.016,0.049,0.066,0.021,0.03,0.033,0.041,0.042,0.014,0.089,0.034,0.024,0.072,0.056,0.07,0.074,0.093,0.049,0.051,0.086,0.02,0.02,0.065,0.08,0.095,0.084,0.014,0.019,0.067,0.088,0.092,0.024,0.036,0.05,0.056,0.076,0.019,0.068,0.04,0.022,0.086,0.05,0.047,0.079,0.032,0.083,0.041,0.055,0.018,0.044,0.078,0.042
Crying spells,0.07,0.024,0.078,0.048,0.031,0.082,0.047,0.047,0.051,0.087,0.082,0.043,0.013,0.023,0.011,0.083,0.095,0.018,0.038,0.098,0.025,0.016,0.078,0.069,0.068,0.091,0.015,0.067,0.074,0.069,0.057,0.037,0.046,0.071,0.06,0.037,0.077,0.092,0.011,0.035,0.058,0.093,0.073,0.05,0.028,0.059,0.081,0.069,0.073,0.09,0.08,0.046,0.028,0.037,0.013,0.04,0.075,0.077,0.021,0.099,0.036,0.018,0.06,0.057,0.078,0.024,0.013,0.082,0.063,0.032,0.08,0.075,0.099,0.02,0.015,0.044,0.066,0.042,0.014,0.069,0.021,0.037,0.076,0.051,0.098,0.082,0.099,0.061,0.09,0.066,0.058,0.064,0.042,0.036,0.081,0.074,0.071,0.074,0.057,0.032
Loss of interest,0.3,0.062,0.084,0.043,0.019,0.074,0.085,0.017,0.016,0.09,0.053,0.05,0.043,0.057,0.063,0.057,0.046,0.034,0.055,0.048,0.05,0.094,0.054,0.098,0.084,0.023,0.021,0.074,0.022,0.073,0.088,0.021,0.029,0.053,0.077,0.095,0.043,0.096,0.064,0.047,0.021,0.061,0.014,0.024,0.043,0.099,0.037,0.054,0.081,0.023,0.063,0.014,0.09,0.09,0.029,0.084,0.054,0.021,0.041,0.088,0.048,0.062,0.061,0.091,0.08,0.053,0.075,0.065,0.079,0.055,0.051,0.05,0.05,0.088,0.039,0.082,0.07,0.047,0.031,0.046,0.2,0.2,0.2,0.2,0.2,0.2,0.2,0.2,0.2,0.074,0.06,0.021,0.06,0.027,0.066,0.062,0.015,0.061,0.027,0.053
Difficulty concentrating,0.091,0.021,0.094,0.026,0.012,0.081,0.032,0.074,0.09,0.05,0.083,0.065,0.046,0.014,0.088,0.012,0.049,0.047,0.087,0.039,0.6,0.02,0.019,0.025,0.023,0.033,0.018,0.038,0.047,0.025,0.065,0.039,0.012,0.015,0.045,0.039,0.047,0.039,0.044,0.084,0.021,0.028,0.078,0.063,0.054,0.078,0.045,0.02,0.015,0.052,0.047,0.054,0.047,0.031,0.09,0.034,0.097,0.071,0.032,0.06,0.081,0.037,0.047,0.018,0.067,0.028,0.097,0.044,0.099,0.08,0.058,0.048,0.092,0.051,0.01,0.052,0.085,0.036,0.097,0.01,0.094,0.053,0.064,0.086,0.044,0.042,0.067,0.063,0.056,0.014,0.077,0.061,0.037,0.046,0.021,0.023,0.06,0.035,0.049,0.065
Increased thirst,0.096,0.039,0.071,0.041,0.034,0.078,0.051,0.032,0.098,0.041,0.051,0.064,0.011,0.072,0.068,0.01,0.053,0.091,0.071,0.047,0.091,0.073,0.079,0.058,0.081,0.068,0.017,0.013,0.085,0.07,0.5,0.042,0.083,0.084,0.042,0.026,0.2,0.073,0.011,0.2,0.094,0.05,0.03,0.012,0.035,0.093,0.042,0.018,0.065,0.037,0.075,0.031,0.054,0.043,0.035,0.091,0.074,0.029,0.028,0.084,0.046,0.088,0.061,0.054,0.06,0.069,0.061,0.071,0.061,0.016,0.022,0.016,0.033,0.061,0.031,0.057,0.08,0.027,0.071,0.099,0.072,0.058,0.033,0.06,0.051,0.094,0.068,0.095,0.015,0.094,0.049,0.1,0.035,0.071,0.052,0.043,0.078,0.09,0.03,0.035
Frequent urination,0.048,0.05,0.01,0.028,0.017,0.061,0.012,0.076,0.098,0.048,0.017,0.032,0.025,0.038,0.066,0.019,0.053,0.083,0.063,0.066,0.04,0.033,0.02,0.031,0.041,0.015,0.04,0.081,0.095,0.08,0.5,0.079,0.066,0.062,0.018,0.015,0.013,0.038,0.086,0.016,0.021,0.093,0.05,0.037,0.066,0.016,0.071,0.06,0.037,0.044,0.019,0.078,0.031,0.064,0.069,0.011,0.045,0.082,0.089,0.066,0.041,0.094,0.08,0.051,0.04,0.027,0.019,0.064,0.016,0.081,0.027,0.062,0.067,0.033,0.048,0.075,0.05,0.032,0.082,0.015,0.038,0.049,0.096,0.078,0.038,0.09,0.08,0.023,0.038,0.041,0.043,0.011,0.063,0.071,0.015,0.056,0.085,0.087,0.048,0.028
Painful urination,0.4,0.092,0.081,0.041,0.07,0.073,0.098,0.064,0.04,0.062,0.097,0.065,0.048,0.025,0.051,0.081,0.014,0.03,0.01,0.03,0.031,0.066,0.032,0.076,0.096,0.04,0.077,0.028,0.027,0.099,0.043,0.017,0.013,0.02,0.036,0.027,0.063,0.079,0.6,0.013,0.028,0.026,0.6,0.075,0.041,0.06,0.026,0.012,0.086,0.092,0.012,0.4,0.044,0.081,0.02,0.094,0.037,0.032,0.083,0.069,0.6,0.7,0.8,0.7,0.3,0.3,0.023,0.4,0.5,0.6,0.044,0.6,0.9,0.3,0.5,0.8,0.065,0.6,0.62,0.6,0.2,0.2,0.2,0.2,0.2,0.2,0.2,0.2,0.2,0.052,0.07,0.016,0.056,0.078,0.068,0.056,0.055,0.052,0.8,0.044
Blood in urine,0.073,0.074,0.055,0.034,0.046,0.093,0.063,0.013,0.03,0.028,0.088,0.046,0.038,0.09,0.061,0.094,0.044,0.06,0.022,0.018,0.05,0.042,0.063,0.052,0.066,0.048,0.052,0.047,0.082,0.039,0.044,0.026,0.031,0.068,0.042,0.017,0.086,0.056,0.068,0.081,0.093,0.019,0.016,0.013,0.028,0.028,0.04,0.037,0.083,0.072,0.035,0.074,0.1,0.1,0.078,0.077,0.092,0.011,0.037,0.084,0.08,0.046,0.047,0.062,0.069,0.052,0.056,0.079,0.023,0.046,0.03,0.077,0.053,0.056,0.081,0.078,0.075,0.052,0.081,0.038,0.027,0.079,0.073,0.029,0.05,0.06,0.044,0.062,0.022,0.095,0.011,0.083,0.085,0.041,0.048,0.072,0.046,0.08,0.058,0.039
Decreased urination,0.012,0.081,0.093,0.024,0.096,0.04,0.067,0.064,0.065,0.088,0.098,0.028,0.045,0.058,0.027,0.02,0.061,0.051,0.091,0.018,0.019,0.06,0.013,0.072,0.054,0.027,0.016,0.097,0.036,0.031,0.069,0.016,0.015,0.057,0.025,0.087,0.047,0.024,0.02,0.058,0.053,0.016,0.096,0.088,0.022,0.029,0.049,0.074,0.053,0.064,0.095,0.063,0.055,0.072,0.035,0.011,0.023,0.016,0.046,0.083,0.057,0.092,0.089,0.051,0.062,0.076,0.036,0.089,0.051,0.073,0.074,0.037,0.065,0.083,0.026,0.032,0.091,0.076,0.051,0.092,0.027,0.061,0.045,0.095,0.032,0.088,0.035,0.067,0.036,0.092,0.073,0.075,0.03,0.054,0.099,0.06,0.1,0.017,0.019,0.079
Urine leakage,0.039,0.051,0.033,0.056,0.052,0.017,0.073,0.077,0.044,0.077,0.087,0.046,0.011,0.02,0.093,0.039,0.077,0.054,0.016,0.059,0.032,0.096,0.023,0.084,0.086,0.025,0.012,0.019,0.036,0.058,0.045,0.017,0.079,0.071,0.024,0.042,0.03,0.013,0.071,0.029,0.073,0.085,0.083,0.068,0.074,0.091,0.045,0.038,0.015,0.01,0.08,0.079,0.094,0.044,0.031,0.018,0.048,0.099,0.04,0.027,0.07,0.03,0.089,0.082,0.085,0.025,0.025,0.047,0.02,0.039,0.061,0.027,0.029,0.059,0.095,0.021,0.029,0.042,0.026,0.046,0.038,0.045,0.051,0.016,0.083,0.068,0.043,0.016,0.03,0.037,0.064,0.098,0.019,0.058,0.099,0.087,0.025,0.096,0.064,0.098
Menstrual cramps,0.073,0.071,0.098,0.072,0.04,0.067,0.09,0.039,0.087,0.053,0.04,0.065,0.063,0.044,0.068,0.031,0.063,0.099,0.031,0.065,0.091,0.038,0.076,0.078,0.066,0.015,0.044,0.037,0.024,0.028,0.013,0.093,0.064,0.095,0.077,0.04,0.035,0.068,0.078,0.057,0.098,0.068,0.036,0.012,0.086,0.04,0.032,0.059,0.092,0.07,0.032,0.072,0.075,0.065,0.044,0.039,0.05,0.011,0.088,0.016,0.027,0.067,0.023,0.028,0.018,0.063,0.085,0.094,0.031,0.017,0.075,0.038,0.075,0.032,0.026,0.032,0.036,0.05,0.067,0.034,0.08,0.017,0.098,0.046,0.025,0.05,0.055,0.076,0.078,0.084,0.081,0.012,0.044,0.087,0.078,0.093,0.064,0.024,0.075,0.033
Irregular periods,0.052,0.051,0.044,0.065,0.016,0.022,0.052,0.024,0.027,0.011,0.055,0.075,0.054,0.093,0.095,0.097,0.044,0.054,0.068,0.063,0.047,0.013,0.093,0.045,0.061,0.027,0.049,0.033,0.092,0.075,0.056,0.054,0.072,0.073,0.069,0.7,0.076,0.032,0.013,0.083,0.067,0.071,0.073,0.068,0.034,0.051,0.071,0.033,0.064,0.096,0.086,0.011,0.079,0.068,0.093,0.046,0.063,0.091,0.057,0.027,0.048,0.085,0.033,0.037,0.097,0.069,0.044,0.038,0.047,0.089,0.075,0.018,0.067,0.08,0.041,0.023,0.077,0.094,0.046,0.038,0.099,0.083,0.01,0.016,0.073,0.057,0.069,0.076,0.025,0.044,0.073,0.028,0.026,0.095,0.051,0.083,0.027,0.015,0.026,0.078
Missed periods,0.033,0.091,0.047,0.066,0.066,0.088,0.025,0.036,0.044,0.035,0.041,0.063,0.053,0.071,0.019,0.015,0.078,0.011,0.062,0.099,0.019,0.057,0.011,0.064,0.099,0.079,0.094,0.053,0.04,0.049,0.043,0.09,0.1,0.084,0.095,0.07,0.044,0.015,0.042,0.04,0.019,0.051,0.073,0.075,0.09,0.022,0.064,0.088,0.035,0.073,0.083,0.043,0.066,0.069,0.053,0.047,0.027,0.099,0.096,0.083,0.011,0.042,0.014,0.083,0.039,0.05,0.065,0.046,0.065,0.017,0.049,0.094,0.094,0.099,0.087,0.091,0.076,0.036,0.028,0.023,0.057,0.061,0.087,0.055,0.022,0.082,0.037,0.071,0.059,0.089,0.025,0.05,0.02,0.07,0.032,0.029,0.078,0.069,0.018,0.049
Vaginal discharge,0.074,0.024,0.094,0.091,0.079,0.03,0.033,0.053,0.091,0.021,0.022,0.058,0.075,0.018,0.072,0.088,0.094,0.079,0.064,0.068,0.044,0.075,0.076,0.044,0.068,0.061,0.087,0.083,0.03,0.02,0.018,0.018,0.077,0.094,0.077,0.02,0.043,0.087,0.096,0.062,0.01,0.016,0.058,0.086,0.098,0.039,0.043,0.071,0.082,0.057,0.064,0.03,0.046,0.058,0.051,0.023,0.095,0.085,0.055,0.051,0.064,0.023,0.07,0.082,0.073,0.064,0.038,0.099,0.021,0.1,0.074,0.053,0.085,0.055,0.073,0.044,0.098,0.04,0.085,0.029,0.076,0.083,0.073,0.015,0.088,0.026,0.054,0.045,0.099,0.069,0.086,0.099,0.059,0.04,0.071,0.099,0.078,0.045,0.058,0.035
Vaginal itching,0.073,0.028,0.087,0.045,0.022,0.078,0.062,0.082,0.086,0.074,0.051,0.025,0.022,0.073,0.036,0.023,0.03,0.077,0.076,0.011,0.075,0.062,0.071,0.099,0.023,0.096,0.048,0.086,0.093,0.019,0.098,0.026,0.015,0.098,0.069,0.063,0.097,0.066,0.046,0.013,0.032,0.054,0.072,0.096,0.069,0.044,0.8,0.082,0.069,0.08,0.088,0.069,0.4,0.069,0.043,0.021,0.017,0.054,0.07,0.056,0.012,0.062,0.062,0.035,0.077,0.081,0.026,0.054,0.4,0.049,0.061,0.019,0.016,0.092,0.082,0.027,0.083,0.012,0.06,0.058,0.083,0.054,0.057,0.063,0.074,0.081,0.021,0.078,0.097,0.091,0.4,0.4,0.42,0.4,0.082,0.4,0.4,0.4,0.6,0.42
Erectile dysfunction,0.087,0.013,0.098,0.056,0.043,0.059,0.048,0.095,0.01,0.037,0.095,0.057,0.08,0.069,0.05,0.062,0.073,0.057,0.099,0.042,0.058,0.029,0.019,0.084,0.031,0.027,0.037,0.085,0.096,0.064,0.029,0.042,0.022,0.066,0.017,0.033,0.044,0.091,0.046,0.017,0.033,0.048,0.073,0.058,0.016,0.076,0.1,0.073,0.027,0.043,0.069,0.084,0.064,0.048,0.024,0.099,0.049,0.012,0.064,0.017,0.021,0.02,0.059,0.016,0.068,0.043,0.04,0.035,0.088,0.03,0.011,0.044,0.097,0.044,0.019,0.093,0.026,0.076,0.038,0.084,0.054,0.058,0.073,0.088,0.06,0.065,0.091,0.025,0.095,0.045,0.041,0.077,0.097,0.058,0.064,0.086,0.053,0.021,0.011,0.056
Loss of libido,0.3,0.021,0.044,0.076,0.015,0.075,0.098,0.074,0.032,0.065,0.074,0.026,0.099,0.082,0.055,0.035,0.048,0.095,0.089,0.083,0.037,0.087,0.095,0.047,0.038,0.018,0.017,0.076,0.095,0.025,0.015,0.077,0.06,0.054,0.089,0.097,0.048,0.056,0.076,0.053,0.056,0.1,0.09,0.073,0.046,0.065,0.092,0.077,0.074,0.073,0.077,0.032,0.077,0.096,0.084,0.089,0.058,0.065,0.065,0.097,0.071,0.089,0.057,0.03,0.017,0.086,0.056,0.096,0.048,0.044,0.044,0.02,0.092,0.032,0.059,0.079,0.021,0.037,0.036,0.029,0.2,0.2,0.2,0.2,0.2,0.2,0.2,0.2,0.2,0.066,0.054,0.042,0.065,0.04,0.042,0.01,0.09,0.027,0.042,0.019
Nighttime urination,0.054,0.018,0.056,0.024,0.021,0.054,0.024,0.069,0.03,0.046,0.037,0.049,0.026,0.083,0.02,0.049,0.086,0.025,0.042,0.049,0.042,0.088,0.028,0.027,0.014,0.046,0.077,0.091,0.024,0.028,0.053,0.07,0.034,0.048,0.06,0.082,0.074,0.039,0.079,0.089,0.055,0.093,0.086,0.045,0.02,0.02,0.012,0.024,0.055,0.079,0.031,0.071,0.041,0.098,0.076,0.049,0.036,0.054,0.078,0.032,0.024,0.056,0.032,0.079,0.088,0.099,0.032,0.084,0.028,0.074,0.083,0.073,0.055,0.026,0.099,0.063,0.067,0.031,0.022,0.013,0.099,0.094,0.048,0.065,0.018,0.015,0.047,0.038,0.067,0.031,0.04,0.053,0.056,0.068,0.037,0.034,0.035,0.042,0.048,0.039
Constipation,0.014,0.014,0.015,0.077,0.029,0.052,0.092,0.019,0.027,0.095,0.043,0.037,0.019,0.011,0.06,0.088,0.04,0.077,0.043,0.08,0.058,0.043,0.069,0.029,0.045,0.09,0.022,0.077,0.021,0.063,0.092,0.069,0.027,0.073,0.093,0.017,0.059,0.041,0.075,0.099,0.028,0.075,0.014,0.027,0.06,0.033,0.089,0.087,0.092,0.098,0.091,0.05,0.075,0.092,0.016,0.048,0.094,0.055,0.012,0.064,0.073,0.022,0.4,0.061,0.081,0.072,0.077,1,0.072,0.088,0.097,0.025,0.078,0.045,0.08,0.046,0.034,0.027,0.024,0.03,0.073,0.089,0.081,0.051,0.074,0.057,0.037,0.03,0.074,0.06,0.025,0.014,0.031,0.014,0.023,0.09,0.093,0.034,0.081,0.068
Bloating,0.032,0.084,0.058,0.01,0.041,0.064,0.043,0.017,0.073,0.059,0.075,0.047,0.065,0.039,0.015,0.083,0.084,0.03,0.097,0.026,0.097,0.058,0.098,0.08,0.08,0.02,0.077,0.044,0.069,0.088,0.067,0.06,0.084,0.03,0.034,0.062,0.083,0.078,0.024,0.031,0.075,0.043,0.091,0.018,0.026,0.027,0.088,0.027,0.054,0.076,0.068,0.012,0.025,0.4,0.045,0.065,0.016,0.016,0.032,0.092,0.097,0.019,0.6,0.075,0.083,0.064,0.044,0.5,0.084,0.079,0.068,0.014,0.032,0.018,0.023,0.066,0.011,0.097,0.096,0.02,0.076,0.04,0.074,0.028,0.053,0.061,0.05,0.025,0.04,0.024,0.015,0.072,0.066,0.021,0.084,0.019,0.037,0.056,0.085,0.023
Gas,0.092,0.012,0.048,0.023,0.069,0.03,0.089,0.045,0.09,0.084,0.02,0.025,0.02,0.019,0.096,0.042,0.065,0.021,0.093,0.093,0.091,0.064,0.026,0.058,0.064,0.071,0.024,0.07,0.037,0.084,0.041,0.019,0.092,0.07,0.094,0.083,0.074,0.017,0.01,0.094,0.023,0.069,0.039,0.045,0.075,0.081,0.053,0.016,0.062,0.096,0.035,0.018,0.1,0.026,0.045,0.039,0.048,0.072,0.047,0.081,0.04,0.082,0.5,0.032,0.048,0.055,0.058,0.058,0.084,0.045,0.062,0.048,0.062,0.072,0.077,0.073,0.031,0.01,0.099,0.012,0.06,0.096,0.093,0.015,0.041,0.086,0.088,0.084,0.037,0.023,0.087,0.097,0.092,0.032,0.085,0.015,0.022,0.097,0.073,0.044
Indigestion,0.012,0.097,0.043,0.073,0.07,0.017,0.085,0.088,0.013,0.043,0.017,0.017,0.061,0.083,0.023,0.026,0.077,0.077,0.073,0.037,0.047,0.04,0.08,0.073,0.036,0.024,0.089,0.013,0.078,0.055,0.011,0.085,0.071,0.089,0.06,0.085,0.093,0.055,0.074,0.048,0.024,0.098,0.057,0.098,0.021,0.029,0.066,0.03,0.027,0.077,0.06,0.086,0.083,0.052,0.038,0.068,0.084,0.025,0.082,0.068,0.028,0.5,0.017,0.064,0.086,0.013,0.035,0.059,0.016,0.5,0.078,0.038,0.06,0.067,0.013,0.034,0.098,0.061,0.061,0.081,0.014,0.038,0.095,0.011,0.042,0.035,0.046,0.028,0.078,0.075,0.098,0.073,0.019,0.047,0.077,0.019,0.083,0.024,0.063,0.044
Heartburn,0.063,0.087,0.036,0.024,0.052,0.09,0.018,0.075,0.09,0.083,0.069,0.079,0.024,0.097,0.056,0.076,0.069,0.094,0.041,0.081,0.041,0.042,0.087,0.049,0.09,0.08,0.045,0.029,0.065,0.017,0.024,0.067,0.055,0.082,0.023,0.088,0.059,0.097,0.08,0.018,0.018,0.038,0.094,0.025,0.035,0.043,0.018,0.026,0.079,0.033,0.053,0.033,0.089,0.069,0.023,0.021,0.061,0.014,0.087,0.046,0.087,0.093,0.022,0.043,0.086,0.096,0.044,0.071,0.056,0.034,0.089,0.071,0.066,0.068,0.077,0.032,0.084,0.011,0.087,0.036,0.024,0.046,0.017,0.045,0.052,0.018,0.052,0.068,0.091,0.052,0.018,0.076,0.093,0.093,0.079,0.028,0.04,0.039,0.1,0.054
Acid reflux,0.073,0.053,0.035,0.013,0.024,0.052,0.068,0.039,0.013,0.064,0.044,0.094,0.043,0.049,0.053,0.015,0.088,0.096,0.072,0.034,0.067,0.018,0.016,0.046,0.037,0.074,0.088,0.057,0.07,0.033,0.085,0.018,0.091,0.041,0.078,0.025,0.041,0.048,0.053,0.072,0.024,0.073,0.042,0.072,0.045,0.011,0.08,0.064,0.017,0.07,0.065,0.039,0.099,0.095,0.077,0.076,0.038,0.024,0.051,0.023,0.088,0.02,0.097,0.047,0.057,0.01,0.051,0.085,0.021,0.05,0.097,0.019,0.03,0.098,0.048,0.059,0.025,0.044,0.041,0.096,0.097,0.062,0.011,0.083,0.011,0.091,0.055,0.088,0.073,0.068,0.051,0.047,0.042,0.059,0.057,0.079,0.02,0.026,0.049,0.026
Belching,0.064,0.059,0.044,0.086,0.072,0.049,0.035,0.066,0.093,0.087,0.1,0.083,0.019,0.068,0.065,0.047,0.055,0.078,0.093,0.019,0.05,0.062,0.013,0.036,0.048,0.03,0.051,0.044,0.028,0.052,0.021,0.097,0.092,0.047,0.084,0.073,0.077,0.011,0.044,0.03,0.036,0.089,0.034,0.085,0.082,0.047,0.032,0.091,0.047,0.011,0.024,0.044,0.084,0.084,0.064,0.04,0.096,0.099,0.032,0.098,0.027,0.068,0.085,0.082,0.062,0.022,0.067,0.098,0.026,0.091,0.057,0.049,0.019,0.082,0.055,0.067,0.081,0.086,0.066,0.033,0.06,0.095,0.028,0.018,0.049,0.067,0.063,0.013,0.074,0.093,0.017,0.044,0.077,0.022,0.051,0.067,0.042,0.032,0.091,0.037
Bad taste in mouth,0.058,0.032,0.08,0.081,0.079,0.069,0.035,0.094,0.066,0.067,0.062,0.019,0.051,0.064,0.02,0.035,0.091,0.018,0.054,0.043,0.085,0.045,0.054,0.012,0.017,0.096,0.017,0.072,0.044,0.038,0.092,0.083,0.026,0.011,0.026,0.061,0.065,0.013,0.098,0.099,0.054,0.065,0.059,0.024,0.077,0.093,0.027,0.013,0.012,0.056,0.024,0.088,0.02,0.03,0.039,0.03,0.075,0.095,0.034,0.053,0.096,0.041,0.06,0.036,0.077,0.055,0.056,0.046,0.027,0.026,0.072,0.09,0.035,0.045,0.063,0.079,0.038,0.081,0.096,0.054,0.089,0.048,0.077,0.083,0.066,0.065,0.049,0.061,0.044,0.067,0.016,0.025,0.013,0.056,0.063,0.036,0.084,0.068,0.097,0.042
Difficulty breathing,0.013,0.026,0.039,0.081,0.042,0.017,0.069,0.043,0.08,0.021,0.039,0.011,0.04,0.052,0.082,0.091,0.061,0.045,0.064,0.057,0.019,0.035,0.065,0.09,0.087,0.017,0.09,0.048,0.078,0.039,0.039,0.028,0.082,0.055,0.099,0.048,0.021,0.025,0.039,0.044,0.062,0.036,0.068,0.087,0.099,0.092,0.036,0.086,0.046,0.091,0.093,0.014,0.068,0.016,0.019,0.082,0.075,0.035,0.078,0.046,0.06,0.038,0.065,0.045,0.073,0.051,0.086,0.097,0.021,0.044,0.066,0.013,0.014,0.011,0.019,0.039,0.072,0.049,0.025,0.027,0.091,0.043,0.091,0.099,0.094,0.088,0.033,0.081,0.02,0.095,0.017,0.04,0.065,0.083,0.034,0.025,0.022,0.051,0.021,0.088
Wheezing,0.078,0.09,0.097,0.047,0.05,0.021,0.057,0.062,0.07,0.098,0.8,0.6,0.03,0.3,0.037,0.017,0.06,0.089,0.069,0.076,0.029,0.017,0.097,0.015,0.011,0.029,0.084,0.027,0.019,0.029,0.063,0.057,0.087,0.078,0.038,0.051,0.024,0.055,0.092,0.03,0.043,0.098,0.088,0.056,0.08,0.027,0.035,0.025,0.038,0.088,0.068,0.023,0.089,0.077,0.032,0.09,0.027,0.013,0.07,0.051,0.034,0.093,0.018,0.049,0.024,0.055,0.056,0.015,0.035,0.019,0.068,0.076,0.048,0.036,0.046,0.063,0.058,0.054,0.049,0.071,0.068,0.096,0.03,0.015,0.013,0.034,0.016,0.019,0.03,0.066,0.074,0.045,0.019,0.076,0.089,0.034,0.029,0.081,0.041,0.036
Coughing blood,0.064,0.076,0.018,0.2,0.073,0.053,0.037,0.092,0.031,0.038,0.6,0.8,0.8,0.85,0.2,0.2,0.2,0.026,0.034,0.7,0.071,0.087,0.063,0.097,0.062,0.054,0.032,0.02,0.084,0.061,0.099,0.085,0.057,0.025,0.023,0.018,0.037,0.076,0.051,0.076,0.5,0.6,0.054,0.043,0.011,0.042,0.074,0.7,0.08,0.087,0.091,0.064,0.02,0.072,0.076,0.012,0.098,0.087,0.069,0.023,0.055,0.032,0.077,0.098,0.042,0.077,0.027,0.096,0.067,0.097,0.089,0.071,0.091,0.05,0.096,0.057,0.034,0.071,0.09,0.045,0.048,0.099,0.038,0.014,0.057,0.041,0.065,0.049,0.051,0.097,0.081,0.036,0.097,0.055,0.072,0.052,0.024,0.097,0.066,0.07
Productive cough,0.037,0.036,0.082,0.2,0.014,0.035,0.063,0.015,0.038,0.049,0.6,0.8,0.8,0.85,0.8,0.087,0.6,0.079,0.024,0.7,0.034,0.1,0.028,0.063,0.017,0.03,0.053,0.042,0.083,0.067,0.048,0.097,0.019,0.034,0.037,0.038,0.061,0.071,0.039,0.062,0.5,0.6,0.022,0.06,0.037,0.018,0.061,0.7,0.059,0.044,0.089,0.049,0.022,0.05,0.038,0.094,0.074,0.052,0.048,0.048,0.047,0.012,0.06,0.096,0.048,0.078,0.065,0.037,0.032,0.056,0.021,0.059,0.061,0.036,0.078,0.045,0.046,0.011,0.083,0.089,0.051,0.015,0.015,0.085,0.068,0.04,0.019,0.036,0.053,0.04,0.015,0.077,0.071,0.077,0.015,0.028,0.023,0.077,0.055,0.03
Dry cough,0.071,0.087,0.037,0.2,0.099,0.011,0.054,0.072,0.02,0.01,0.6,0.8,0.8,0.85,0.8,0.085,0.6,0.015,0.021,0.7,0.098,0.084,0.086,0.059,0.084,0.071,0.087,0.066,0.049,0.067,0.027,0.084,0.069,0.025,0.077,0.059,0.053,0.036,0.07,0.096,0.5,0.6,0.045,0.073,0.02,0.048,0.048,0.7,0.051,0.061,0.011,0.037,0.3,0.09,0.066,0.014,0.092,0.097,0.052,0.075,0.035,0.098,0.042,0.087,0.055,0.041,0.074,0.045,0.016,0.069,0.042,0.075,0.041,0.074,0.081,0.035,0.079,0.037,0.045,0.092,0.068,0.044,0.052,0.069,0.062,0.093,0.08,0.057,0.022,0.039,0.3,0.3,0.32,0.3,0.014,0.3,0.3,0.3,0.02,0.32
Persistent cough,0.053,0.078,0.098,0.2,0.076,0.031,0.091,0.026,0.09,0.078,0.6,0.8,0.8,0.85,0.8,0.017,0.6,0.065,0.086,0.7,0.039,0.073,0.044,0.099,0.062,0.028,0.033,0.049,0.036,0.028,0.025,0.083,0.083,0.027,0.062,0.067,0.07,0.028,0.083,0.09,0.5,0.6,0.059,0.016,0.027,0.076,0.092,0.7,0.055,0.085,0.061,0.053,0.042,0.066,0.06,0.022,0.016,0.048,0.044,0.016,0.017,0.08,0.037,0.021,0.031,0.064,0.04,0.03,0.095,0.093,0.033,0.073,0.016,0.088,0.097,0.017,0.062,0.087,0.094,0.055,0.046,0.015,0.073,0.02,0.052,0.093,0.034,0.013,0.04,0.033,0.04,0.079,0.023,0.059,0.076,0.093,0.07,0.089,0.031,0.017
Sputum production,0.095,0.091,0.073,0.079,0.013,0.098,0.095,0.064,0.065,0.017,0.06,0.5,0.5,0.6,0.013,0.056,0.069,0.8,0.037,0.086,0.097,0.012,0.015,0.08,0.083,0.058,0.087,0.071,0.076,0.06,0.015,0.079,0.073,0.049,0.048,0.022,0.049,0.091,0.098,0.043,0.027,0.049,0.015,0.031,0.063,0.03,0.077,0.09,0.081,0.061,0.099,0.011,0.075,0.083,0.017,0.021,0.026,0.014,0.041,0.069,0.032,0.036,0.065,0.053,0.021,0.017,0.033,0.059,0.055,0.076,0.042,0.092,0.03,0.074,0.095,0.08,0.036,0.069,0.057,0.034,0.073,0.055,0.015,0.091,0.073,0.066,0.035,0.028,0.022,0.098,0.031,0.077,0.029,0.044,0.083,0.023,0.098,0.073,0.068,0.051
Hoarse voice,0.02,0.055,0.013,0.035,0.045,0.084,0.018,0.035,0.065,0.055,0.088,0.045,0.014,0.029,0.027,0.049,0.015,0.037,0.059,0.041,0.012,0.065,0.09,0.093,0.092,0.083,0.063,0.078,0.041,0.085,0.049,0.048,0.076,0.076,0.015,0.02,0.045,0.075,0.071,0.087,0.094,0.052,0.062,0.061,0.057,0.025,0.044,0.077,0.093,0.022,0.011,0.082,0.096,0.018,0.032,0.059,0.04,0.046,0.065,0.043,0.069,0.08,0.083,0.065,0.021,0.061,0.039,0.034,0.026,0.052,0.05,0.052,0.097,0.053,0.086,0.03,0.015,0.094,0.035,0.065,0.038,0.016,0.026,0.079,0.035,0.088,0.021,0.067,0.023,0.066,0.014,0.02,0.013,0.072,0.087,0.062,0.014,0.075,0.015,0.074
Difficulty speaking,0.033,0.033,0.071,0.087,0.042,0.075,0.6,0.041,0.017,0.05,0.056,0.031,0.039,0.043,0.084,0.047,0.068,0.089,0.023,0.039,0.081,0.04,0.047,0.069,0.052,0.3,0.066,0.024,0.014,0.094,0.092,0.012,0.065,0.083,0.056,0.08,0.056,0.062,0.041,0.029,0.085,0.013,0.075,0.044,0.1,0.017,0.017,0.094,0.03,0.055,0.062,0.059,0.048,0.076,0.086,0.057,0.015,0.053,0.057,0.05,0.034,0.085,0.036,0.032,0.032,0.079,0.043,0.051,0.077,0.02,0.032,0.076,0.089,0.043,0.042,0.056,0.092,0.069,0.064,0.05,0.048,0.061,0.084,0.021,0.058,0.08,0.047,0.063,0.022,0.033,0.036,0.038,0.017,0.048,0.098,0.062,0.067,0.08,0.091,0.089
Loss of smell,0.3,0.021,0.034,0.06,0.094,0.077,0.021,0.013,0.049,0.072,0.099,0.022,0.088,0.093,0.091,0.042,0.046,0.06,0.074,0.021,0.091,0.091,0.063,0.065,0.099,0.014,0.076,0.042,0.05,0.047,0.05,0.085,0.036,0.053,0.022,0.027,0.079,0.092,0.094,0.018,0.091,0.4,0.043,0.068,0.044,0.049,0.056,0.063,0.095,0.019,0.037,0.041,0.061,0.091,0.062,0.086,0.048,0.039,0.039,0.026,0.023,0.083,0.076,0.099,0.029,0.057,0.062,0.065,0.019,0.036,0.021,0.035,0.05,0.09,0.036,0.093,0.099,0.078,0.093,0.07,0.2,0.2,0.2,0.2,0.2,0.2,0.2,0.2,0.2,0.011,0.085,0.012,0.028,0.095,0.061,0.076,0.057,0.085,0.037,0.02
Loss of taste,0.3,0.086,0.05,0.049,0.034,0.088,0.099,0.076,0.02,0.042,0.017,0.081,0.075,0.039,0.056,0.035,0.067,0.056,0.08,0.074,0.038,0.093,0.049,0.094,0.081,0.039,0.086,0.07,0.089,0.013,0.067,0.011,0.022,0.044,0.095,0.071,0.034,0.024,0.083,0.076,0.035,0.4,0.089,0.096,0.087,0.077,0.01,0.016,0.06,0.029,0.026,0.048,0.034,0.044,0.063,0.067,0.054,0.069,0.026,0.037,0.031,0.036,0.054,0.082,0.045,0.042,0.053,0.019,0.02,0.089,0.078,0.036,0.097,0.039,0.07,0.02,0.052,0.039,0.02,0.073,0.2,0.2,0.2,0.2,0.2,0.2,0.2,0.2,0.2,0.09,0.08,0.015,0.079,0.034,0.039,0.045,0.05,0.046,0.092,0.034
Sensitivity to noise,0.076,0.041,0.084,0.038,0.047,0.062,0.025,0.029,0.066,0.095,0.065,0.04,0.064,0.012,0.075,0.082,0.018,0.073,0.092,0.079,0.06,0.069,0.057,0.5,0.028,0.024,0.058,0.087,0.031,0.082,0.092,0.04,0.029,0.076,0.095,0.013,0.012,0.095,0.019,0.046,0.054,0.024,0.037,0.031,0.08,0.032,0.035,0.021,0.081,0.069,0.022,0.077,0.034,0.018,0.017,0.075,0.079,0.047,0.011,0.085,0.064,0.024,0.076,0.081,0.027,0.065,0.038,0.039,0.056,0.012,0.035,0.028,0.034,0.069,0.052,0.036,0.018,0.097,0.06,0.054,0.092,0.058,0.032,0.012,0.055,0.045,0.044,0.059,0.02,0.03,0.098,0.046,0.031,0.043,0.061,0.068,0.04,0.083,0.098,0.019
Loss of balance,0.3,0.088,0.054,0.032,0.023,0.065,0.4,0.075,0.061,0.031,0.079,0.033,0.038,0.04,0.024,0.039,0.061,0.047,0.011,0.072,0.078,0.082,0.059,0.038,0.069,0.039,0.074,0.056,0.087,0.099,0.017,0.019,0.073,0.044,0.078,0.025,0.077,0.025,0.049,0.097,0.014,0.048,0.025,0.082,0.054,0.077,0.059,0.046,0.037,0.049,0.036,0.093,0.071,0.057,0.065,0.043,0.069,0.023,0.057,0.028,0.065,0.074,0.057,0.033,0.052,0.094,0.093,0.075,0.087,0.022,0.057,0.085,0.011,0.047,0.024,0.016,0.098,0.038,0.027,0.072,0.2,0.2,0.2,0.2,0.2,0.2,0.2,0.2,0.2,0.094,0.035,0.084,0.088,0.063,0.038,0.066,0.046,0.033,0.059,0.069
Coordination problems,0.017,0.024,0.076,0.035,0.034,0.019,0.082,0.063,0.079,0.04,0.079,0.063,0.035,0.083,0.088,0.07,0.053,0.025,0.081,0.099,0.018,0.082,0.023,0.025,0.089,0.039,0.091,0.015,0.056,0.05,0.07,0.039,0.055,0.021,0.06,0.044,0.045,0.053,0.038,0.057,0.058,0.089,0.086,0.096,0.095,0.085,0.074,0.086,0.06,0.054,0.081,0.072,0.06,0.049,0.041,0.012,0.043,0.052,0.07,0.076,0.029,0.06,0.1,0.095,0.044,0.026,0.077,0.011,0.05,0.057,0.011,0.038,0.6,0.043,0.033,0.093,0.065,0.013,0.035,0.053,0.014,0.073,0.033,0.066,0.097,0.084,0.088,0.093,0.1,0.067,0.054,0.053,0.089,0.078,0.083,0.013,0.013,0.09,0.024,0.076
Muscle cramps,0.088,0.022,0.048,0.086,0.015,0.067,0.016,0.019,0.059,0.099,0.027,0.065,0.012,0.085,0.086,0.038,0.074,0.092,0.063,0.095,0.056,0.095,0.046,0.085,0.07,0.016,0.084,0.055,0.076,0.018,0.05,0.035,0.028,0.055,0.026,0.077,0.085,0.01,0.035,0.042,0.041,0.061,0.073,0.061,0.052,0.02,0.018,0.076,0.027,0.063,0.097,0.079,0.081,0.03,0.044,0.017,0.075,0.032,0.085,0.068,0.091,0.027,0.078,0.022,0.015,0.074,0.026,0.023,0.038,0.03,0.027,0.09,0.026,0.037,0.073,0.034,0.054,0.062,0.041,0.068,0.05,0.067,0.085,0.013,0.085,0.045,0.058,0.029,0.073,0.041,0.083,0.082,0.029,0.073,0.055,0.085,0.081,0.018,0.08,0.033
Muscle weakness,0.052,0.013,0.02,0.069,0.027,0.023,0.3,0.044,0.044,0.063,0.013,0.073,0.067,0.088,0.011,0.048,0.04,0.068,0.019,0.092,0.038,0.3,0.027,0.012,0.6,0.8,0.3,0.2,0.046,0.31,0.033,0.044,0.04,0.071,0.037,0.097,0.089,0.079,0.091,0.056,0.048,0.08,0.096,0.046,0.013,0.056,0.093,0.09,0.097,0.095,0.028,0.098,0.078,0.022,0.04,0.096,0.097,0.038,0.079,0.082,0.051,0.025,0.01,0.023,0.089,0.037,0.017,0.031,0.028,0.018,0.032,0.072,0.086,0.044,0.053,0.041,0.4,0.072,0.073,0.092,0.07,0.085,0.074,0.079,0.019,0.022,0.079,0.022,0.08,0.091,0.084,0.076,0.048,0.045,0.016,0.054,0.077,0.063,0.03,0.065
Muscle twitching,0.079,0.043,0.041,0.084,0.065,0.078,0.092,0.068,0.022,0.027,0.029,0.049,0.041,0.069,0.048,0.036,0.045,0.084,0.013,0.096,0.048,0.025,0.071,0.085,0.052,0.4,0.072,0.019,0.088,0.082,0.011,0.039,0.062,0.045,0.051,0.054,0.096,0.046,0.079,0.037,0.033,0.067,0.064,0.082,0.051,0.044,0.8,0.04,0.058,0.043,0.081,0.098,0.4,0.045,0.071,0.024,0.04,0.094,0.063,0.028,0.083,0.075,0.051,0.014,0.035,0.021,0.054,0.043,0.4,0.072,0.033,0.04,0.037,0.084,0.059,0.026,0.042,0.012,0.039,0.067,0.064,0.042,0.013,0.076,0.032,0.018,0.019,0.075,0.067,0.049,0.4,0.4,0.42,0.4,0.084,0.4,0.4,0.4,0.6,0.42
Joint swelling,0.044,0.023,0.098,0.5,0.089,0.044,0.098,0.017,0.093,0.5,0.048,0.012,0.096,0.033,0.069,0.089,0.085,0.049,0.02,0.027,0.033,0.037,0.056,0.087,0.032,0.082,0.044,0.053,0.078,0.049,0.077,0.08,0.035,0.07,0.064,0.092,0.071,0.035,0.3,0.012,0.047,0.022,0.034,0.064,0.098,0.039,0.03,0.012,0.039,0.016,0.6,0.4,0.084,0.063,0.067,0.04,0.045,0.094,0.011,0.041,0.041,0.05,0.052,0.077,0.029,0.3,0.071,0.033,0.013,0.087,0.2,0.3,0.061,0.041,0.029,0.3,0.043,0.3,0.62,0.3,0.013,0.066,0.025,0.042,0.049,0.1,0.012,0.098,0.06,0.054,0.031,0.093,0.022,0.065,0.086,0.019,0.03,0.099,0.061,0.026
Joint redness,0.024,0.08,0.076,0.046,0.047,0.078,0.048,0.064,0.039,0.3,0.02,0.09,0.096,0.079,0.039,0.058,0.045,0.087,0.055,0.052,0.084,0.05,0.093,0.026,0.036,0.058,0.04,0.052,0.026,0.092,0.045,0.069,0.098,0.047,0.067,0.066,0.022,0.066,0.6,0.064,0.076,0.095,0.039,0.032,0.061,0.052,0.018,0.043,0.077,0.09,0.069,0.4,0.088,0.087,0.025,0.043,0.089,0.026,0.094,0.093,0.039,0.036,0.091,0.029,0.052,0.032,0.064,0.099,0.082,0.098,0.055,0.6,0.064,0.04,0.093,0.024,0.052,0.6,0.62,0.6,0.071,0.088,0.1,0.088,0.016,0.048,0.033,0.074,0.021,0.08,0.068,0.058,0.012,0.053,0.075,0.036,0.046,0.084,0.079,0.043
Bone pain,0.4,0.056,0.068,0.049,0.021,0.023,0.034,0.084,0.078,0.02,0.025,0.047,0.041,0.092,0.082,0.029,0.019,0.068,0.017,0.091,0.054,0.032,0.033,0.037,0.05,0.081,0.073,0.061,0.063,0.079,0.023,0.036,0.03,0.043,0.043,0.036,0.095,0.024,0.6,0.053,0.05,0.037,0.6,0.073,0.023,0.036,0.045,0.067,0.013,0.029,0.037,0.4,0.033,0.075,0.077,0.1,0.047,0.066,0.025,0.041,0.6,0.7,0.8,0.7,0.3,0.3,0.025,0.4,0.5,0.6,0.3,0.6,0.9,0.3,0.5,0.8,0.08,0.6,0.62,0.6,0.2,0.2,0.2,0.2,0.2,0.2,0.2,0.2,0.2,0.07,0.046,0.019,0.04,0.016,0.06,0.058,0.077,0.089,0.8,0.015
Fractures,0.061,0.032,0.033,0.077,0.072,0.069,0.032,0.072,0.051,0.014,0.065,0.06,0.018,0.027,0.085,0.016,0.091,0.057,0.015,0.03,0.063,0.062,0.052,0.058,0.08,0.039,0.067,0.028,0.02,0.018,0.028,0.059,0.029,0.054,0.061,0.062,0.088,0.02,0.09,0.08,0.028,0.083,0.065,0.051,0.01,0.078,0.064,0.054,0.026,0.056,0.056,0.096,0.037,0.088,0.032,0.035,0.061,0.038,0.05,0.098,0.095,0.054,0.039,0.098,0.052,0.025,0.016,0.049,0.037,0.093,0.05,0.067,0.058,0.026,0.08,0.079,0.029,0.055,0.039,0.058,0.019,0.037,0.065,0.061,0.024,0.024,0.079,0.081,0.087,0.065,0.024,0.096,0.098,0.069,0.081,0.08,0.034,0.094,0.052,0.087
Limp,0.037,0.023,0.04,0.042,0.077,0.05,0.048,0.045,0.048,0.079,0.046,0.097,0.042,0.082,0.098,0.079,0.012,0.073,0.029,0.075,0.037,0.044,0.039,0.081,0.039,0.06,0.028,0.029,0.055,0.087,0.02,0.032,0.039,0.053,0.075,0.052,0.097,0.014,0.069,0.072,0.092,0.054,0.035,0.065,0.044,0.019,0.068,0.035,0.043,0.093,0.02,0.022,0.077,0.039,0.08,0.047,0.024,0.024,0.037,0.028,0.018,0.032,0.062,0.079,0.033,0.058,0.036,0.012,0.079,0.016,0.081,0.074,0.038,0.087,0.2,0.05,0.09,0.027,0.052,0.051,0.04,0.071,0.073,0.033,0.077,0.012,0.021,0.047,0.046,0.054,0.014,0.058,0.092,0.056,0.011,0.049,0.013,0.055,0.082,0.081
Hand tremor,0.054,0.062,0.067,0.076,0.061,0.098,0.08,0.058,0.082,0.086,0.018,0.093,0.065,0.099,0.078,0.079,0.049,0.035,0.051,0.089,0.077,0.069,0.017,0.068,0.041,0.057,0.072,0.084,0.049,0.012,0.062,0.011,0.085,0.012,0.03,0.048,0.033,0.03,0.071,0.039,0.051,0.07,0.079,0.062,0.042,0.089,0.088,0.024,0.08,0.029,0.026,0.012,0.064,0.086,0.08,0.059,0.096,0.039,0.038,0.031,0.029,0.037,0.048,0.034,0.094,0.03,0.042,0.022,0.091,0.05,0.085,0.044,0.05,0.077,0.077,0.044,0.4,0.046,0.029,0.044,0.083,0.018,0.026,0.092,0.075,0.021,0.078,0.021,0.054,0.064,0.077,0.039,0.027,0.099,0.082,0.042,0.033,0.02,0.051,0.011
Foot pain,0.4,0.046,0.087,0.042,0.095,0.085,0.049,0.086,0.037,0.1,0.018,0.068,0.045,0.052,0.096,0.035,0.068,0.039,0.023,0.032,0.061,0.022,0.024,0.073,0.079,0.016,0.082,0.088,0.069,0.043,0.047,0.024,0.026,0.094,0.097,0.077,0.083,0.026,0.6,0.02,0.025,0.055,0.6,0.066,0.092,0.034,0.039,0.08,0.04,0.09,0.013,0.4,0.092,0.014,0.044,0.064,0.057,0.024,0.011,0.091,0.6,0.7,0.8,0.7,0.3,0.3,0.058,0.4,0.5,0.6,0.038,0.6,0.9,0.3,0.5,0.8,0.065,0.6,0.62,0.6,0.2,0.2,0.2,0.2,0.2,0.2,0.2,0.2,0.2,0.09,0.019,0.03,0.027,0.069,0.04,0.098,0.07,0.057,0.8,0.09
Heel pain,0.4,0.022,0.048,0.07,0.062,0.094,0.013,0.092,0.045,0.014,0.028,0.026,0.023,0.013,0.082,0.025,0.039,0.061,0.054,0.041,0.067,0.084,0.062,0.051,0.029,0.066,0.059,0.021,0.035,0.079,0.093,0.04,0.09,0.033,0.083,0.054,0.059,0.07,0.6,0.041,0.057,0.016,0.6,0.068,0.097,0.021,0.03,0.051,0.02,0.06,0.037,0.4,0.038,0.049,0.099,0.017,0.088,0.055,0.046,0.095,0.6,0.7,0.8,0.7,0.3,0.3,0.042,0.4,0.5,0.6,0.057,0.6,0.9,0.3,0.5,0.8,0.044,0.6,0.62,0.6,0.2,0.2,0.2,0.2,0.2,0.2,0.2,0.2,0.2,0.095,0.037,0.091,0.097,0.09,0.052,0.022,0.094,0.01,0.8,0.06
Ankle pain,0.4,0.093,0.065,0.096,0.015,0.047,0.023,0.084,0.079,0.083,0.096,0.032,0.081,0.068,0.045,0.027,0.085,0.016,0.097,0.035,0.09,0.021,0.077,0.095,0.024,0.05,0.071,0.078,0.011,0.021,0.038,0.019,0.067,0.052,0.069,0.037,0.021,0.077,0.6,0.016,0.098,0.092,0.6,0.034,0.099,0.044,0.09,0.02,0.052,0.063,0.089,0.4,0.082,0.078,0.03,0.019,0.1,0.064,0.064,0.043,0.6,0.7,0.8,0.7,0.3,0.3,0.088,0.4,0.5,0.6,0.033,0.6,0.9,0.3,0.5,0.8,0.019,0.6,0.62,0.6,0.2,0.2,0.2,0.2,0.2,0.2,0.2,0.2,0.2,0.093,0.044,0.064,0.063,0.081,0.096,0.062,0.021,0.079,0.8,0.071
Knee pain,0.4,0.048,0.045,0.077,0.041,0.081,0.087,0.062,0.057,0.095,0.083,0.067,0.08,0.07,0.012,0.061,0.012,0.095,0.019,0.093,0.082,0.076,0.086,0.033,0.084,0.041,0.098,0.032,0.05,0.014,0.051,0.099,0.034,0.081,0.029,0.079,0.059,0.039,0.6,0.041,0.083,0.086,0.6,0.04,0.065,0.077,0.085,0.03,0.085,0.019,0.075,0.4,0.038,0.055,0.027,0.044,0.034,0.074,0.042,0.083,0.6,0.7,0.8,0.7,0.3,0.3,0.092,0.4,0.5,0.6,0.058,0.6,0.9,0.3,0.5,0.8,0.089,0.6,0.62,0.6,0.2,0.2,0.2,0.2,0.2,0.2,0.2,0.2,0.2,0.017,0.1,0.05,0.014,0.059,0.07,0.035,0.055,0.085,0.8,0.032
Hip pain,0.4,0.068,0.029,0.011,0.032,0.012,0.065,0.085,0.047,0.06,0.061,0.047,0.086,0.062,0.066,0.09,0.098,0.077,0.074,0.098,0.082,0.034,0.043,0.091,0.094,0.039,0.042,0.096,0.022,0.087,0.099,0.032,0.058,0.022,0.098,0.081,0.056,0.053,0.6,0.083,0.064,0.075,0.6,0.068,0.06,0.099,0.052,0.062,0.015,0.066,0.055,0.4,0.096,0.025,0.06,0.06,0.015,0.041,0.088,0.023,0.6,0.7,0.8,0.7,0.3,0.3,0.074,0.4,0.5,0.6,0.099,0.6,0.9,0.3,0.5,0.8,0.061,0.6,0.62,0.6,0.2,0.2,0.2,0.2,0.2,0.2,0.2,0.2,0.2,0.065,0.058,0.076,0.076,0.032,0.064,0.078,0.026,0.026,0.8,0.055
Shoulder stiffness,0.021,0.018,0.095,0.062,0.095,0.045,0.047,0.073,0.022,0.041,0.019,0.042,0.074,0.089,0.055,0.027,0.046,0.03,0.099,0.067,0.041,0.078,0.057,0.012,0.065,0.098,0.015,0.044,0.025,0.097,0.058,0.01,0.045,0.012,0.091,0.061,0.087,0.096,0.5,0.066,0.026,0.03,0.041,0.088,0.092,0.064,0.062,0.09,0.074,0.089,0.7,0.023,0.084,0.013,0.013,0.058,0.7,0.095,0.083,0.3,0.036,0.041,0.026,0.057,0.091,0.055,0.064,0.1,0.093,0.094,0.6,0.5,0.045,0.05,0.02,0.5,0.04,0.5,0.52,0.5,0.027,0.046,0.042,0.092,0.093,0.083,0.092,0.074,0.086,0.019,0.057,0.07,0.039,0.057,0.062,0.058,0.045,0.059,0.028,0.039
Finger numbness,0.05,0.028,0.095,0.048,0.049,0.2,0.2,0.019,0.061,0.065,0.038,0.099,0.079,0.079,0.073,0.057,0.014,0.095,0.038,0.063,0.091,0.2,0.068,0.077,0.5,0.014,0.2,0.6,0.097,0.22,0.084,0.089,0.076,0.057,0.026,0.043,0.073,0.092,0.019,0.095,0.09,0.074,0.017,0.028,0.029,0.068,0.011,0.093,0.029,0.072,0.093,0.01,0.032,0.083,0.085,0.099,0.099,0.084,0.043,0.085,0.014,0.023,0.032,0.07,0.089,0.048,0.061,0.088,0.066,0.028,0.089,0.076,0.035,0.2,0.047,0.047,0.8,0.091,0.084,0.054,0.064,0.066,0.046,0.073,0.05,0.07,0.03,0.067,0.02,0.091,0.054,0.027,0.039,0.095,0.033,0.071,0.094,0.046,0.058,0.036
Finger pain,0.4,0.02,0.021,0.084,0.09,0.096,0.06,0.055,0.021,0.1,0.052,0.02,0.031,0.085,0.027,0.079,0.083,0.032,0.065,0.049,0.023,0.064,0.014,0.094,0.079,0.027,0.029,0.039,0.061,0.095,0.041,0.096,0.093,0.042,0.028,0.068,0.045,0.024,0.6,0.016,0.027,0.027,0.6,0.049,0.088,0.016,0.032,0.058,0.06,0.023,0.097,0.4,0.072,0.047,0.058,0.066,0.025,0.094,0.043,0.023,0.6,0.7,0.8,0.7,0.3,0.3,0.021,0.4,0.5,0.6,0.017,0.6,0.9,0.3,0.5,0.8,0.065,0.6,0.62,0.6,0.2,0.2,0.2,0.2,0.2,0.2,0.2,0.2,0.2,0.067,0.026,0.097,0.1,0.089,0.043,0.012,0.082,0.023,0.8,0.074
Hand swelling,0.059,0.03,0.046,0.5,0.042,0.095,0.048,0.048,0.076,0.5,0.045,0.043,0.039,0.046,0.075,0.029,0.03,0.027,0.028,0.089,0.069,0.066,0.091,0.059,0.079,0.047,0.068,0.029,0.023,0.02,0.069,0.037,0.085,0.08,0.066,0.015,0.03,0.06,0.3,0.045,0.057,0.026,0.05,0.072,0.045,0.07,0.035,0.077,0.061,0.024,0.046,0.08,0.028,0.047,0.052,0.088,0.022,0.094,0.038,0.094,0.065,0.076,0.089,0.071,0.081,0.3,0.011,0.088,0.015,0.087,0.038,0.3,0.028,0.024,0.029,0.3,0.4,0.3,0.32,0.3,0.053,0.073,0.036,0.019,0.061,0.091,0.024,0.047,0.058,0.066,0.024,0.06,0.052,0.098,0.072,0.091,0.098,0.07,0.023,0.05
Cold hands,0.078,0.022,0.044,0.044,0.025,0.012,0.072,0.084,0.094,0.063,0.026,0.09,0.097,0.095,0.061,0.09,0.099,0.09,0.016,0.022,0.037,0.045,0.023,0.099,0.081,0.07,0.097,0.039,0.074,0.095,0.017,0.064,0.082,0.011,0.09,0.048,0.025,0.087,0.027,0.035,0.057,0.092,0.054,0.092,0.015,0.031,0.038,0.05,0.049,0.014,0.077,0.078,0.051,0.017,0.06,0.022,0.098,0.066,0.076,0.012,0.044,0.091,0.044,0.013,0.07,0.073,0.04,0.082,0.087,0.081,0.047,0.041,0.095,0.075,0.06,0.054,0.4,0.092,0.093,0.018,0.07,0.039,0.056,0.02,0.083,0.083,0.02,0.017,0.044,0.024,0.082,0.08,0.088,0.011,0.011,0.083,0.088,0.066,0.024,0.066
Cold feet,0.088,0.051,0.089,0.081,0.02,0.3,0.073,0.028,0.077,0.017,0.018,0.096,0.01,0.081,0.031,0.014,0.017,0.039,0.058,0.053,0.028,0.099,0.064,0.027,0.036,0.071,0.088,0.016,0.027,0.011,0.026,0.028,0.023,0.059,0.098,0.073,0.073,0.017,0.027,0.039,0.099,0.025,0.067,0.063,0.064,0.056,0.036,0.048,0.084,0.076,0.058,0.069,0.097,0.033,0.078,0.016,0.016,0.041,0.076,0.066,0.084,0.017,0.079,0.074,0.011,0.077,0.018,0.063,0.092,0.043,0.071,0.071,0.016,0.034,0.086,0.051,0.077,0.053,0.055,0.079,0.038,0.1,0.027,0.063,0.014,0.042,0.052,0.052,0.093,0.086,0.098,0.052,0.091,0.051,0.023,0.078,0.048,0.012,0.023,0.039
Burning sensation,0.099,0.067,0.046,0.011,0.081,0.07,0.026,0.063,0.027,0.019,0.045,0.023,0.04,0.012,0.045,0.037,0.096,0.059,0.03,0.054,0.075,0.049,0.095,0.024,0.097,0.015,0.097,0.4,0.039,0.053,0.036,0.031,0.095,0.082,0.047,0.011,0.038,0.024,0.067,0.072,0.049,0.021,0.022,0.035,0.075,0.083,0.088,0.043,0.097,0.016,0.05,0.048,0.029,0.039,0.031,0.088,0.038,0.092,0.098,0.081,0.06,0.062,0.04,0.027,0.021,0.039,0.067,0.097,0.031,0.063,0.031,0.084,0.054,0.052,0.012,0.056,0.019,0.078,0.066,0.017,0.054,0.064,0.09,0.096,0.034,0.05,0.08,0.081,0.035,0.023,0.086,0.015,0.032,0.067,0.039,0.084,0.053,0.023,0.035,0.039
Tingling fingers,0.099,0.064,0.058,0.084,0.068,0.096,0.064,0.021,0.076,0.076,0.028,0.082,0.035,0.081,0.048,0.084,0.011,0.033,0.023,0.012,0.069,0.079,0.017,0.052,0.092,0.023,0.066,0.6,0.063,0.078,0.02,0.035,0.035,0.074,0.051,0.025,0.022,0.096,0.021,0.088,0.06,0.043,0.038,0.075,0.06,0.067,0.068,0.046,0.039,0.085,0.013,0.035,0.061,0.061,0.089,0.015,0.075,0.022,0.016,0.016,0.024,0.057,0.095,0.031,0.078,0.098,0.04,0.047,0.078,0.054,0.059,0.057,0.068,0.046,0.024,0.084,0.7,0.05,0.02,0.092,0.033,0.032,0.068,0.06,0.015,0.086,0.03,0.014,0.03,0.031,0.024,0.088,0.055,0.039,0.078,0.07,0.012,0.079,0.054,0.07
Tingling toes,0.073,0.06,0.014,0.063,0.029,0.062,0.011,0.073,0.062,0.043,0.091,0.025,0.029,0.058,0.092,0.077,0.035,0.06,0.056,0.024,0.028,0.065,0.04,0.039,0.033,0.021,0.036,0.6,0.064,0.069,0.056,0.047,0.027,0.014,0.082,0.077,0.089,0.028,0.061,0.077,0.085,0.071,0.09,0.084,0.042,0.015,0.066,0.061,0.09,0.033,0.056,0.038,0.029,0.026,0.04,0.055,0.075,0.075,0.051,0.045,0.078,0.093,0.053,0.064,0.082,0.07,0.094,0.017,0.02,0.01,0.013,0.015,0.011,0.035,0.01,0.05,0.7,0.097,0.019,0.043,0.068,0.097,0.077,0.044,0.035,0.069,0.037,0.013,0.021,0.023,0.051,0.094,0.098,0.092,0.021,0.067,0.096,0.081,0.089,0.094
Skin peeling,0.026,0.02,0.075,0.051,0.09,0.073,0.035,0.012,0.061,0.016,0.072,0.029,0.046,0.044,0.013,0.049,0.052,0.026,0.011,0.091,0.069,0.096,0.089,0.074,0.075,0.028,0.034,0.07,0.097,0.027,0.072,0.083,0.1,0.014,0.061,0.087,0.06,0.073,0.081,0.074,0.077,0.036,0.018,0.043,0.084,0.059,0.044,0.091,0.075,0.059,0.039,0.068,0.3,0.062,0.043,0.099,0.079,0.023,0.071,0.09,0.071,0.047,0.097,0.018,0.033,0.022,0.093,0.068,0.051,0.059,0.071,0.09,0.041,0.093,0.098,0.023,0.041,0.067,0.077,0.087,0.062,0.098,0.081,0.084,0.046,0.084,0.089,0.099,0.059,0.057,0.3,0.3,0.32,0.3,0.077,0.3,0.3,0.3,0.039,0.32
Skin thickening,0.044,0.094,0.057,0.084,0.03,0.042,0.047,0.078,0.02,0.068,0.051,0.085,0.091,0.027,0.01,0.081,0.055,0.02,0.023,0.016,0.096,0.032,0.047,0.084,0.059,0.019,0.083,0.012,0.013,0.021,0.027,0.08,0.016,0.033,0.096,0.048,0.042,0.046,0.073,0.037,0.045,0.029,0.049,0.063,0.053,0.065,0.014,0.054,0.013,0.039,0.013,0.073,0.3,0.045,0.059,0.019,0.072,0.066,0.042,0.6,0.054,0.012,0.013,0.054,0.092,0.053,0.059,0.017,0.075,0.074,0.093,0.051,0.077,0.032,0.099,0.013,0.038,0.08,0.087,0.029,0.047,0.011,0.022,0.088,0.08,0.094,0.05,0.055,0.052,0.073,0.3,0.3,0.32,0.3,0.063,0.3,0.3,0.3,0.036,0.32
Ulcers,0.036,0.04,0.02,0.024,0.085,0.028,0.054,0.011,0.08,0.083,0.091,0.08,0.014,0.026,0.041,0.071,0.086,0.031,0.05,0.073,0.092,0.019,0.023,0.077,0.095,0.061,0.049,0.043,0.073,0.012,0.057,0.072,0.067,0.02,0.053,0.035,0.06,0.048,0.016,0.034,0.095,0.042,0.046,0.093,0.092,0.089,0.021,0.025,0.061,0.07,0.05,0.1,0.044,0.034,0.016,0.081,0.027,0.047,0.06,0.031,0.023,0.022,0.073,0.011,0.015,0.081,0.02,0.07,0.063,0.011,0.089,0.022,0.093,0.087,0.082,0.027,0.053,0.053,0.019,0.045,0.067,0.059,0.082,0.023,0.021,0.056,0.088,0.016,0.056,0.099,0.061,0.032,0.078,0.086,0.043,0.03,0.034,0.015,0.049,0.088
Open sores,0.08,0.012,0.07,0.094,0.045,0.065,0.088,0.077,0.021,0.065,0.081,0.09,0.068,0.078,0.024,0.064,0.036,0.08,0.049,0.013,0.016,0.018,0.09,0.023,0.068,0.043,0.045,0.052,0.083,0.093,0.037,0.058,0.039,0.038,0.095,0.056,0.045,0.088,0.072,0.073,0.093,0.064,0.069,0.062,0.052,0.018,0.054,0.041,0.057,0.067,0.033,0.034,0.034,0.036,0.056,0.038,0.092,0.092,0.061,0.041,0.038,0.084,0.057,0.047,0.034,0.048,0.069,0.079,0.09,0.023,0.079,0.037,0.072,0.043,0.059,0.039,0.082,0.062,0.026,0.075,0.089,0.067,0.029,0.081,0.085,0.026,0.068,0.055,0.032,0.054,0.034,0.061,0.058,0.023,0.065,0.033,0.097,0.083,0.099,0.01
Bruising easily,0.027,0.094,0.094,0.051,0.099,0.063,0.035,0.061,0.028,0.015,0.048,0.098,0.064,0.053,0.045,0.021,0.026,0.043,0.082,0.015,0.086,0.035,0.059,0.034,0.081,0.093,0.072,0.028,0.09,0.061,0.011,0.04,0.066,0.25,0.049,0.031,0.066,0.061,0.034,0.06,0.086,0.024,0.06,0.039,0.03,0.083,0.084,0.028,0.065,0.096,0.018,0.077,0.098,0.034,0.054,0.019,0.086,0.03,0.051,0.025,0.026,0.03,0.02,0.031,0.038,0.062,0.064,0.045,0.029,0.019,0.017,0.074,0.05,0.077,0.045,0.065,0.044,0.059,0.034,0.089,0.054,0.081,0.057,0.039,0.055,0.065,0.085,0.065,0.044,0.073,0.064,0.073,0.044,0.081,0.029,0.038,0.046,0.032,0.036,0.031
Bleeding gums,0.064,0.052,0.012,0.094,0.032,0.073,0.051,0.082,0.045,0.041,0.044,0.054,0.075,0.092,0.018,0.033,0.031,0.043,0.1,0.053,0.025,0.087,0.068,0.064,0.083,0.086,0.098,0.043,0.078,0.018,0.092,0.018,0.073,0.015,0.017,0.094,0.051,0.036,0.087,0.035,0.092,0.031,0.038,0.057,0.031,0.018,0.015,0.069,0.081,0.096,0.095,0.026,0.059,0.095,0.091,0.031,0.083,0.028,0.074,0.016,0.019,0.15,0.026,0.021,0.052,0.078,0.075,0.024,0.6,0.032,0.011,0.087,0.079,0.056,0.012,0.055,0.015,0.022,0.014,0.024,0.022,0.088,0.085,0.062,0.035,0.032,0.026,0.02,0.032,0.068,0.078,0.016,0.044,0.01,0.22,0.082,0.071,0.046,0.059,0.046
Nosebleeds,0.03,0.097,0.095,0.042,0.064,0.075,0.077,0.078,0.057,0.047,0.055,0.055,0.082,0.029,0.064,0.043,0.037,0.064,0.047,0.044,0.044,0.038,0.028,0.011,0.049,0.067,0.023,0.088,0.081,0.077,0.068,0.037,0.032,0.011,0.03,0.05,0.054,0.052,0.052,0.089,0.052,0.047,0.015,0.095,0.091,0.093,0.037,0.015,0.052,0.045,0.069,0.049,0.064,0.042,0.056,0.053,0.094,0.088,0.053,0.042,0.027,0.093,0.025,0.099,0.023,0.074,0.034,0.012,0.03,0.057,0.012,0.046,0.082,0.051,0.066,0.036,0.015,0.057,0.021,0.049,0.054,0.079,0.013,0.08,0.076,0.061,0.016,0.097,0.094,0.044,0.069,0.05,0.075,0.034,0.023,0.092,0.018,0.045,0.045,0.014
Chapped lips,0.037,0.096,0.028,0.061,0.048,0.084,0.024,0.059,0.033,0.092,0.01,0.016,0.087,0.034,0.053,0.016,0.052,0.098,0.093,0.054,0.017,0.051,0.091,0.066,0.098,0.087,0.096,0.033,0.06,0.09,0.083,0.04,0.07,0.057,0.07,0.085,0.063,0.071,0.083,0.08,0.032,0.083,0.049,0.034,0.095,0.037,0.098,0.099,0.015,0.063,0.082,0.033,0.084,0.06,0.086,0.03,0.096,0.052,0.024,0.019,0.059,0.043,0.077,0.048,0.04,0.017,0.025,0.053,0.094,0.016,0.038,0.09,0.049,0.083,0.024,0.053,0.013,0.094,0.021,0.031,0.089,0.054,0.096,0.063,0.046,0.086,0.036,0.065,0.025,0.024,0.039,0.044,0.017,0.017,0.082,0.011,0.059,0.054,0.018,0.097
Dry lips,0.083,0.068,0.099,0.01,0.026,0.022,0.099,0.043,0.072,0.084,0.042,0.061,0.014,0.09,0.04,0.014,0.062,0.099,0.065,0.084,0.027,0.025,0.045,0.099,0.02,0.063,0.065,0.057,0.085,0.036,0.016,0.065,0.033,0.068,0.073,0.019,0.065,0.072,0.013,0.087,0.07,0.073,0.083,0.042,0.056,0.036,0.074,0.046,0.083,0.031,0.099,0.038,0.3,0.032,0.023,0.024,0.017,0.063,0.021,0.02,0.05,0.023,0.017,0.079,0.072,0.062,0.075,0.049,0.021,0.068,0.095,0.06,0.063,0.094,0.029,0.053,0.013,0.024,0.027,0.016,0.013,0.087,0.033,0.027,0.055,0.069,0.046,0.074,0.039,0.022,0.3,0.3,0.32,0.3,0.092,0.3,0.3,0.3,0.08,0.32
Facial swelling,0.047,0.054,0.099,0.5,0.09,0.032,0.064,0.096,0.092,0.5,0.048,0.079,0.067,0.074,0.082,0.044,0.01,0.053,0.084,0.055,0.029,0.04,0.069,0.076,0.055,0.058,0.09,0.099,0.065,0.065,0.049,0.095,0.082,0.051,0.075,0.059,0.058,0.078,0.3,0.04,0.047,0.066,0.081,0.053,0.089,0.094,0.092,0.065,0.031,0.038,0.063,0.05,0.037,0.069,0.013,0.031,0.091,0.033,0.034,0.058,0.014,0.096,0.05,0.046,0.049,0.3,0.082,0.035,0.083,0.059,0.048,0.3,0.096,0.082,0.068,0.3,0.064,0.3,0.32,0.3,0.07,0.036,0.02,0.031,0.099,0.06,0.04,0.059,0.028,0.072,0.017,0.068,0.095,0.012,0.022,0.077,0.033,0.069,0.07,0.047
Puffy eyes,0.092,0.028,0.025,0.019,0.094,0.038,0.059,0.059,0.016,0.098,0.089,0.087,0.01,0.032,0.08,0.081,0.095,0.097,0.02,0.051,0.021,0.079,0.08,0.052,0.021,0.07,0.035,0.017,0.081,0.042,0.045,0.027,0.095,0.075,0.092,0.066,0.097,0.079,0.099,0.025,0.041,0.057,0.072,0.027,0.099,0.078,0.042,0.041,0.045,0.078,0.019,0.056,0.083,0.029,0.027,0.067,0.08,0.077,0.016,0.099,0.03,0.069,0.092,0.054,0.079,0.045,0.068,0.028,0.014,0.051,0.01,0.042,0.099,0.094,0.068,0.047,0.085,0.097,0.088,0.018,0.2,0.2,0.2,0.2,0.2,0.2,0.2,0.2,0.2,0.066,0.013,0.085,0.039,0.038,0.084,0.036,0.087,0.015,0.037,0.097
Dark circles,0.022,0.033,0.044,0.024,0.041,0.047,0.017,0.058,0.017,0.038,0.037,0.012,0.098,0.039,0.074,0.088,0.094,0.064,0.087,0.043,0.019,0.034,0.04,0.09,0.026,0.029,0.082,0.031,0.035,0.086,0.06,0.059,0.087,0.083,0.059,0.062,0.072,0.037,0.06,0.037,0.091,0.078,0.014,0.093,0.048,0.069,0.034,0.015,0.016,0.095,0.063,0.02,0.053,0.052,0.043,0.059,0.034,0.063,0.061,0.081,0.017,0.025,0.068,0.061,0.088,0.067,0.012,0.03,0.074,0.025,0.096,0.088,0.056,0.099,0.01,0.057,0.035,0.082,0.08,0.027,0.059,0.015,0.029,0.07,0.027,0.058,0.041,0.046,0.063,0.092,0.036,0.032,0.087,0.021,0.048,0.068,0.055,0.098,0.046,0.027
Swollen eyelids,0.033,0.022,0.027,0.068,0.021,0.07,0.022,0.014,0.1,0.077,0.076,0.072,0.022,0.03,0.096,0.062,0.069,0.075,0.085,0.011,0.02,0.029,0.023,0.075,0.081,0.088,0.039,0.047,0.069,0.071,0.05,0.028,0.067,0.029,0.042,0.088,0.087,0.07,0.054,0.095,0.049,0.033,0.049,0.024,0.08,0.085,0.077,0.057,0.028,0.02,0.036,0.036,0.026,0.079,0.053,0.079,0.016,0.051,0.037,0.03,0.028,0.088,0.086,0.097,0.034,0.053,0.049,0.022,0.08,0.068,0.045,0.099,0.06,0.068,0.023,0.034,0.043,0.033,0.019,0.088,0.2,0.2,0.2,0.2,0.2,0.2,0.2,0.2,0.2,0.096,0.094,0.087,0.062,0.093,0.093,0.066,0.098,0.01,0.096,0.039
Itchy eyes,0.072,0.06,0.061,0.01,0.027,0.02,0.038,0.079,0.033,0.082,0.063,0.067,0.07,0.096,0.061,0.042,0.044,0.066,0.09,0.039,0.087,0.042,0.078,0.058,0.054,0.049,0.061,0.072,0.019,0.091,0.031,0.088,0.028,0.047,0.1,0.017,0.071,0.098,0.05,0.022,0.076,0.03,0.019,0.033,0.093,0.047,0.099,0.068,0.09,0.09,0.018,0.093,0.065,0.018,0.033,0.064,0.077,0.094,0.032,0.053,0.035,0.025,0.078,0.076,0.093,0.054,0.099,0.082,0.09,0.019,0.055,0.031,0.062,0.01,0.073,0.094,0.078,0.06,0.025,0.077,0.2,0.2,0.2,0.2,0.2,0.2,0.2,0.2,0.2,0.028,0.037,0.016,0.05,0.066,0.013,0.075,0.075,0.043,0.078,0.078
Watery eyes,0.085,0.049,0.072,0.085,0.024,0.044,0.025,0.013,0.026,0.086,0.048,0.018,0.024,0.017,0.047,0.049,0.073,0.025,0.074,0.074,0.09,0.058,0.091,0.063,0.097,0.063,0.04,0.051,0.085,0.063,0.069,0.029,0.05,0.025,0.085,0.05,0.038,0.065,0.093,0.082,0.085,0.028,0.037,0.08,0.052,0.018,0.062,0.082,0.021,0.015,0.076,0.058,0.087,0.06,0.046,0.068,0.074,0.084,0.015,0.026,0.089,0.082,0.032,0.015,0.087,0.059,0.017,0.059,0.018,0.057,0.018,0.034,0.059,0.085,0.014,0.054,0.085,0.023,0.081,0.073,0.2,0.2,0.2,0.2,0.2,0.2,0.2,0.2,0.2,0.099,0.04,0.013,0.011,0.012,0.07,0.012,0.083,0.013,0.039,0.078
Difficulty focusing,0.083,0.063,0.017,0.027,0.096,0.019,0.081,0.059,0.043,0.081,0.077,0.064,0.075,0.099,0.038,0.07,0.082,0.055,0.036,0.036,0.024,0.059,0.023,0.07,0.059,0.036,0.057,0.079,0.024,0.084,0.036,0.066,0.014,0.044,0.014,0.049,0.012,0.064,0.01,0.034,0.032,0.041,0.041,0.043,0.056,0.058,0.046,0.061,0.031,0.023,0.034,0.031,0.039,0.07,0.043,0.084,0.081,0.044,0.014,0.074,0.066,0.015,0.029,0.047,0.087,0.06,0.066,0.081,0.012,0.066,0.067,0.094,0.093,0.027,0.016,0.034,0.014,0.021,0.045,0.085,0.021,0.06,0.058,0.01,0.066,0.033,0.087,0.026,0.095,0.055,0.094,0.056,0.044,0.079,0.058,0.016,0.034,0.024,0.016,0.073
Tunnel vision,0.066,0.037,0.025,0.061,0.07,0.076,0.047,0.024,0.032,0.048,0.075,0.043,0.075,0.058,0.029,0.038,0.08,0.017,0.089,0.084,0.036,0.098,0.045,0.042,0.078,0.078,0.088,0.014,0.046,0.031,0.071,0.041,0.071,0.036,0.096,0.092,0.012,0.018,0.044,0.047,0.035,0.036,0.062,0.083,0.055,0.093,0.079,0.076,0.043,0.06,0.055,0.026,0.098,0.04,0.098,0.052,0.085,0.016,0.072,0.013,0.072,0.015,0.087,0.031,0.092,0.029,0.079,0.042,0.085,0.033,0.038,0.074,0.046,0.03,0.023,0.019,0.019,0.064,0.057,0.075,0.3,0.3,0.3,0.3,0.3,0.3,0.3,0.3,0.3,0.039,0.03,0.089,0.087,0.075,0.096,0.093,0.065,0.055,0.078,0.039
Eye floaters,0.045,0.052,0.055,0.047,0.06,0.088,0.09,0.011,0.027,0.084,0.1,0.013,0.02,0.08,0.02,0.022,0.064,0.093,0.032,0.044,0.053,0.073,0.034,0.036,0.098,0.021,0.075,0.047,0.01,0.066,0.029,0.043,0.081,0.022,0.015,0.038,0.016,0.021,0.057,0.079,0.036,0.059,0.03,0.046,0.053,0.085,0.063,0.078,0.047,0.025,0.075,0.095,0.065,0.056,0.017,0.051,0.04,0.048,0.018,0.094,0.073,0.087,0.036,0.057,0.047,0.077,0.085,0.067,0.08,0.04,0.054,0.046,0.049,0.081,0.014,0.072,0.02,0.022,0.08,0.012,0.2,0.2,0.2,0.2,0.2,0.2,0.2,0.2,0.2,0.012,0.024,0.051,0.039,0.077,0.019,0.026,0.03,0.091,0.042,0.084
Blind spots,0.056,0.027,0.061,0.054,0.086,0.048,0.061,0.091,0.066,0.099,0.085,0.036,0.097,0.02,0.037,0.06,0.081,0.099,0.08,0.041,0.031,0.088,0.092,0.076,0.058,0.047,0.029,0.068,0.065,0.021,0.019,0.043,0.072,0.012,0.084,0.056,0.099,0.062,0.016,0.036,0.062,0.094,0.074,0.051,0.033,0.083,0.046,0.064,0.062,0.095,0.048,0.066,0.083,0.088,0.069,0.085,0.068,0.078,0.077,0.071,0.078,0.087,0.018,0.057,0.023,0.081,0.062,0.067,0.061,0.023,0.061,0.036,0.08,0.09,0.061,0.081,0.087,0.096,0.09,0.02,0.086,0.083,0.03,0.08,0.08,0.049,0.061,0.096,0.015,0.066,0.012,0.06,0.024,0.068,0.051,0.048,0.09,0.068,0.026,0.029
Increased sensitivity to touch,0.061,0.1,0.031,0.065,0.039,0.07,0.092,0.069,0.091,0.057,0.069,0.061,0.012,0.084,0.036,0.01,0.041,0.047,0.07,0.098,0.091,0.061,0.049,0.013,0.082,0.081,0.047,0.079,0.059,0.023,0.069,0.018,0.06,0.062,0.041,0.067,0.093,0.029,0.061,0.083,0.019,0.085,0.089,0.079,0.083,0.038,0.04,0.093,0.021,0.086,0.08,0.046,0.023,0.063,0.08,0.086,0.034,0.091,0.087,0.085,0.025,0.078,0.01,0.07,0.056,0.064,0.092,0.045,0.1,0.021,0.098,0.045,0.028,0.017,0.027,0.065,0.084,0.084,0.012,0.095,0.044,0.015,0.068,0.017,0.067,0.017,0.076,0.015,0.047,0.026,0.067,0.028,0.062,0.05,0.047,0.023,0.076,0.03,0.035,0.012
Pain on movement,0.4,0.05,0.035,0.025,0.074,0.05,0.023,0.046,0.088,0.07,0.064,0.041,0.06,0.018,0.089,0.075,0.084,0.093,0.093,0.098,0.061,0.094,0.016,0.08,0.012,0.094,0.071,0.034,0.097,0.028,0.051,0.018,0.022,0.094,0.042,0.094,0.028,0.092,0.6,0.052,0.093,0.052,0.6,0.1,0.092,0.071,0.017,0.025,0.044,0.03,0.048,0.4,0.098,0.039,0.052,0.059,0.098,0.044,0.027,0.05,0.6,0.7,0.8,0.7,0.3,0.3,0.062,0.4,0.5,0.6,0.014,0.6,0.9,0.3,0.5,0.8,0.071,0.6,0.62,0.6,0.2,0.2,0.2,0.2,0.2,0.2,0.2,0.2,0.2,0.089,0.09,0.063,0.084,0.019,0.027,0.057,0.098,0.025,0.8,0.076
Fatigue after exertion,0.25,0.3,0.065,0.6,0.048,0.084,0.089,0.2,0.4,0.086,0.026,0.3,0.4,0.013,0.5,0.078,0.096,0.012,0.081,0.7,0.075,0.049,0.071,0.1,0.5,0.073,0.046,0.094,0.031,0.046,0.3,0.6,0.081,0.4,0.7,0.059,0.4,0.4,0.026,0.4,0.04,0.5,0.6,0.5,0.069,0.4,0.4,0.099,0.094,0.072,0.4,0.5,0.017,0.069,0.094,0.017,0.061,0.039,0.4,0.051,0.063,0.014,0.063,0.08,0.034,0.6,0.61,0.036,0.059,0.011,0.024,0.09,0.8,0.04,0.013,0.064,0.076,0.07,0.059,0.098,0.064,0.072,0.056,0.036,0.022,0.089,0.04,0.076,0.056,0.067,0.068,0.036,0.051,0.059,0.051,0.083,0.092,0.073,0.05,0.042
Muscle stiffness in the morning,0.026,0.091,0.046,0.045,0.028,0.079,0.069,0.012,0.065,0.035,0.08,0.097,0.016,0.067,0.098,0.055,0.058,0.045,0.023,0.066,0.092,0.056,0.075,0.024,0.085,0.039,0.062,0.054,0.077,0.081,0.058,0.071,0.01,0.068,0.071,0.081,0.043,0.073,0.5,0.07,0.088,0.078,0.045,0.075,0.04,0.051,0.013,0.071,0.025,0.091,0.7,0.077,0.087,0.034,0.026,0.057,0.7,0.045,0.023,0.3,0.065,0.027,0.032,0.096,0.072,0.077,0.086,0.081,0.085,0.03,0.6,0.5,0.091,0.062,0.019,0.5,0.033,0.5,0.52,0.5,0.079,0.075,0.094,0.026,0.095,0.045,0.097,0.025,0.095,0.03,0.073,0.041,0.065,0.072,0.019,0.087,0.095,0.02,0.074,0.043
Feeling cold,0.012,0.068,0.057,0.096,0.095,0.06,0.011,0.039,0.054,0.071,0.084,0.03,0.027,0.067,0.021,0.071,0.056,0.062,0.093,0.02,0.053,0.054,0.014,0.057,0.073,0.062,0.034,0.013,0.085,0.029,0.038,0.039,0.051,0.039,0.039,0.02,0.076,0.043,0.09,0.084,0.053,0.086,0.057,0.031,0.048,0.087,0.014,0.096,0.034,0.086,0.073,0.068,0.02,0.096,0.081,0.013,0.042,0.051,0.065,0.095,0.021,0.063,0.053,0.015,0.076,0.022,0.053,0.034,0.022,0.086,0.057,0.087,0.041,0.025,0.022,0.04,0.083,0.083,0.049,0.015,0.039,0.08,0.056,0.081,0.05,0.05,0.037,0.025,0.054,0.04,0.04,0.077,0.07,0.059,0.041,0.063,0.097,0.082,0.039,0.074
Feeling hot,0.065,0.026,0.022,0.096,0.092,0.097,0.083,0.049,0.04,0.022,0.087,0.089,0.014,0.082,0.044,0.031,0.068,0.031,0.096,0.022,0.089,0.089,0.084,0.082,0.088,0.016,0.011,0.041,0.013,0.028,0.067,0.06,0.026,0.019,0.037,0.087,0.057,0.044,0.063,0.1,0.054,0.055,0.087,0.099,0.03,0.05,0.067,0.05,0.095,0.068,0.023,0.011,0.043,0.056,0.076,0.025,0.043,0.029,0.096,0.057,0.082,0.026,0.059,0.083,0.076,0.027,0.016,0.028,0.023,0.086,0.011,0.037,0.018,0.044,0.011,0.018,0.032,0.034,0.024,0.075,0.052,0.012,0.025,0.052,0.057,0.018,0.051,0.081,0.091,0.053,0.039,0.077,0.043,0.066,0.054,0.044,0.088,0.095,0.039,0.066
Low-grade fever,0.056,0.08,0.07,0.051,0.091,0.06,0.076,0.045,0.059,0.026,0.05,0.021,0.7,0.25,0.5,0.028,0.081,0.076,0.093,0.85,0.097,0.096,0.093,0.039,0.026,0.062,0.061,0.065,0.077,0.089,0.096,0.076,0.082,0.069,0.063,0.068,0.031,0.06,0.031,0.025,0.069,0.6,0.032,0.3,0.9,0.4,0.7,0.95,0.6,0.5,0.068,0.076,0.089,0.03,0.3,0.036,0.095,0.061,0.033,0.033,0.083,0.08,0.065,0.075,0.2,0.05,0.084,0.087,0.049,0.027,0.026,0.016,0.015,0.032,0.091,0.052,0.057,0.055,0.02,0.054,0.091,0.039,0.062,0.06,0.092,0.032,0.023,0.083,0.078,0.4,0.081,0.046,0.081,0.088,0.059,0.026,0.09,0.034,0.06,0.065
High fever,0.095,0.09,0.057,0.056,0.061,0.041,0.029,0.077,0.073,0.043,0.056,0.027,0.7,0.25,0.5,0.085,0.078,0.1,0.079,0.85,0.035,0.037,0.093,0.068,0.083,0.087,0.062,0.02,0.016,0.085,0.025,0.029,0.076,0.091,0.088,0.012,0.023,0.062,0.08,0.076,0.063,0.6,0.012,0.3,0.9,0.4,0.7,0.95,0.6,0.5,0.01,0.047,0.052,0.029,0.3,0.018,0.097,0.023,0.014,0.024,0.024,0.029,0.021,0.072,0.2,0.051,0.052,0.069,0.015,0.065,0.077,0.018,0.02,0.046,0.022,0.026,0.021,0.075,0.05,0.075,0.07,0.093,0.078,0.094,0.028,0.066,0.076,0.013,0.061,0.4,0.04,0.058,0.069,0.051,0.089,0.083,0.08,0.019,0.079,0.035
Rapid heartbeat,0.019,0.036,0.081,0.3,0.066,0.023,0.04,0.011,0.07,0.098,0.024,0.036,0.022,0.086,0.063,0.073,0.043,0.097,0.075,0.086,0.016,0.077,0.069,0.082,0.029,0.07,0.064,0.022,0.073,0.055,0.012,0.019,0.097,0.021,0.035,0.048,0.042,0.039,0.043,0.038,0.093,0.029,0.012,0.095,0.09,0.08,0.012,0.099,0.094,0.048,0.043,0.025,0.031,0.055,0.015,0.064,0.016,0.075,0.097,0.049,0.088,0.012,0.031,0.021,0.035,0.069,0.091,0.041,0.033,0.088,0.084,0.072,0.068,0.03,0.074,0.036,0.032,0.021,0.065,0.092,0.046,0.055,0.092,0.068,0.043,0.09,0.038,0.016,0.05,0.071,0.1,0.043,0.048,0.026,0.032,0.053,0.02,0.085,0.033,0.049
Slow heartbeat,0.02,0.06,0.079,0.082,0.056,0.013,0.012,0.092,0.081,0.06,0.019,0.046,0.079,0.018,0.025,0.056,0.059,0.057,0.083,0.07,0.05,0.023,0.013,0.075,0.098,0.073,0.052,0.028,0.014,0.051,0.032,0.052,0.031,0.017,0.014,0.088,0.043,0.058,0.035,0.037,0.082,0.026,0.073,0.012,0.061,0.026,0.058,0.058,0.042,0.048,0.049,0.033,0.013,0.021,0.01,0.028,0.07,0.088,0.028,0.046,0.084,0.093,0.05,0.033,0.049,0.045,0.084,0.017,0.063,0.057,0.085,0.073,0.053,0.013,0.098,0.046,0.048,0.038,0.04,0.063,0.078,0.082,0.015,0.063,0.07,0.021,0.033,0.012,0.069,0.063,0.059,0.095,0.016,0.074,0.078,0.087,0.067,0.034,0.01,0.032
Irregular heartbeat,0.1,0.016,0.081,0.014,0.065,0.055,0.083,0.037,0.085,0.084,0.094,0.046,0.065,0.099,0.067,0.068,0.028,0.063,0.072,0.083,0.044,0.06,0.036,0.047,0.044,0.019,0.029,0.036,0.014,0.053,0.034,0.031,0.026,0.039,0.026,0.076,0.097,0.07,0.064,0.062,0.092,0.1,0.05,0.011,0.074,0.092,0.025,0.049,0.099,0.069,0.012,0.052,0.056,0.084,0.059,0.025,0.018,0.015,0.024,0.07,0.012,0.082,0.066,0.019,0.094,0.094,0.095,0.082,0.031,0.072,0.078,0.061,0.064,0.09,0.08,0.05,0.023,0.02,0.098,0.097,0.076,0.058,0.066,0.097,0.094,0.056,0.083,0.087,0.097,0.094,0.09,0.037,0.022,0.078,0.051,0.089,0.042,0.056,0.093,0.061
Shaking,0.05,0.056,0.049,0.011,0.026,0.083,0.033,0.014,0.053,0.053,0.018,0.086,0.086,0.044,0.018,0.064,0.018,0.068,0.018,0.024,0.09,0.071,0.063,0.081,0.064,0.048,0.091,0.024,0.075,0.045,0.095,0.07,0.086,0.07,0.015,0.014,0.042,0.074,0.033,0.081,0.081,0.048,0.042,0.014,0.091,0.068,0.026,0.036,0.09,0.072,0.06,0.04,0.044,0.02,0.094,0.062,0.087,0.069,0.068,0.026,0.068,0.09,0.093,0.073,0.035,0.065,0.045,0.032,0.034,0.065,0.012,0.051,0.038,0.016,0.011,0.06,0.019,0.023,0.098,0.042,0.078,0.084,0.047,0.059,0.021,0.055,0.062,0.081,0.03,0.058,0.058,0.055,0.065,0.089,0.022,0.033,0.053,0.099,0.078,0.05
Sweating,0.062,0.048,0.45,0.016,0.037,0.029,0.085,0.063,0.078,0.075,0.042,0.078,0.064,0.083,0.1,0.089,0.074,0.02,0.029,0.075,0.09,0.041,0.098,0.014,0.033,0.06,0.018,0.04,0.085,0.012,0.025,0.092,0.4,0.037,0.023,0.021,0.019,0.039,0.013,0.027,0.036,0.013,0.061,0.046,0.016,0.078,0.054,0.092,0.077,0.08,0.021,0.033,0.058,0.078,0.067,0.059,0.096,0.4,0.088,0.052,0.06,0.019,0.017,0.034,0.057,0.1,0.081,0.086,0.066,0.093,0.066,0.095,0.059,0.065,0.058,0.082,0.032,0.098,0.046,0.066,0.05,0.094,0.044,0.038,0.09,0.018,0.041,0.034,0.038,0.069,0.02,0.065,0.075,0.071,0.015,0.072,0.053,0.043,0.073,0.044
Clammy skin,0.073,0.042,0.016,0.017,0.071,0.016,0.085,0.058,0.079,0.083,0.029,0.038,0.047,0.074,0.021,0.056,0.033,0.044,0.015,0.054,0.014,0.063,0.069,0.037,0.022,0.058,0.062,0.026,0.036,0.044,0.044,0.088,0.081,0.077,0.06,0.049,0.055,0.015,0.081,0.034,0.011,0.081,0.038,0.048,0.043,0.078,0.041,0.09,0.061,0.08,0.038,0.039,0.3,0.08,0.082,0.013,0.022,0.087,0.043,0.082,0.089,0.08,0.087,0.027,0.048,0.073,0.015,0.046,0.04,0.065,0.031,0.015,0.073,0.071,0.024,0.027,0.026,0.036,0.097,0.082,0.049,0.089,0.072,0.053,0.046,0.079,0.065,0.045,0.019,0.026,0.3,0.3,0.32,0.3,0.055,0.3,0.3,0.3,0.045,0.32
Dry skin patches,0.078,0.098,0.011,0.053,0.056,0.046,0.074,0.099,0.022,0.089,0.026,0.064,0.095,0.05,0.081,0.011,0.082,0.05,0.099,0.047,0.034,0.025,0.083,0.017,0.076,0.093,0.015,0.058,0.031,0.078,0.053,0.3,0.041,0.063,0.045,0.078,0.014,0.06,0.098,0.067,0.043,0.034,0.056,0.038,0.021,0.06,0.078,0.055,0.089,0.043,0.078,0.096,0.3,0.071,0.049,0.037,0.043,0.069,0.04,0.023,0.028,0.089,0.02,0.095,0.024,0.074,0.05,0.079,0.065,0.076,0.098,0.071,0.066,0.083,0.018,0.049,0.08,0.079,0.032,0.036,0.068,0.077,0.054,0.013,0.088,0.06,0.044,0.025,0.017,0.053,0.3,0.3,0.32,0.3,0.065,0.3,0.3,0.3,0.04,0.32
Itchy scalp,0.013,0.065,0.081,0.031,0.075,0.055,0.023,0.066,0.031,0.086,0.089,0.011,0.087,0.088,0.081,0.077,0.056,0.074,0.046,0.053,0.036,0.091,0.086,0.041,0.026,0.033,0.093,0.096,0.034,0.048,0.084,0.029,0.058,0.043,0.016,0.064,0.03,0.073,0.06,0.011,0.072,0.078,0.082,0.07,0.032,0.064,0.023,0.051,0.055,0.069,0.089,0.076,0.082,0.061,0.048,0.063,0.056,0.024,0.09,0.072,0.015,0.099,0.038,0.062,0.022,0.053,0.035,0.05,0.022,0.044,0.013,0.018,0.076,0.064,0.077,0.044,0.033,0.034,0.091,0.085,0.068,0.063,0.025,0.031,0.061,0.019,0.098,0.099,0.069,0.055,0.045,0.084,0.095,0.061,0.099,0.057,0.056,0.014,0.062,0.093
Scalp tenderness,0.025,0.021,0.083,0.011,0.031,0.09,0.011,0.072,0.045,0.049,0.02,0.092,0.056,0.067,0.07,0.06,0.082,0.053,0.045,0.011,0.018,0.037,0.044,0.082,0.036,0.093,0.031,0.06,0.094,0.068,0.068,0.018,0.056,0.014,0.053,0.048,0.078,0.087,0.068,0.028,0.038,0.088,0.063,0.085,0.081,0.013,0.028,0.08,0.012,0.085,0.046,0.026,0.043,0.083,0.095,0.096,0.063,0.049,0.017,0.012,0.072,0.049,0.098,0.07,0.048,0.018,0.011,0.068,0.092,0.037,0.018,0.018,0.086,0.099,0.03,0.035,0.083,0.059,0.019,0.065,0.093,0.063,0.08,0.052,0.057,0.011,0.08,0.078,0.049,0.059,0.036,0.023,0.058,0.061,0.066,0.024,0.065,0.081,0.058,0.059
Neck stiffness,0.06,0.057,0.067,0.021,0.058,0.071,0.068,0.08,0.017,0.013,0.082,0.049,0.043,0.086,0.061,0.091,0.012,0.064,0.021,0.095,0.022,0.089,0.079,0.042,0.086,0.067,0.062,0.085,0.027,0.011,0.098,0.06,0.011,0.095,0.091,0.043,0.023,0.017,0.5,0.04,0.038,0.096,0.051,0.051,0.074,0.07,0.022,0.037,0.064,0.081,0.7,0.071,0.085,0.06,0.035,0.065,0.7,0.095,0.049,0.3,0.023,0.095,0.04,0.063,0.05,0.083,0.089,0.092,0.034,0.076,0.6,0.5,0.084,0.041,0.036,0.5,0.085,0.5,0.52,0.5,0.086,0.023,0.086,0.043,0.085,0.074,0.012,0.076,0.016,0.046,0.093,0.091,0.047,0.096,0.051,0.029,0.022,0.086,0.052,0.026
Difficulty turning head,0.025,0.06,0.04,0.075,0.081,0.01,0.018,0.057,0.095,0.084,0.026,0.072,0.075,0.032,0.022,0.048,0.045,0.094,0.093,0.082,0.044,0.053,0.015,0.042,0.061,0.073,0.095,0.018,0.062,0.098,0.065,0.086,0.09,0.02,0.083,0.018,0.027,0.017,0.089,0.077,0.03,0.084,0.081,0.015,0.061,0.028,0.013,0.016,0.049,0.038,0.011,0.096,0.033,0.073,0.099,0.018,0.055,0.081,0.061,0.039,0.036,0.083,0.023,0.061,0.052,0.063,0.062,0.088,0.047,0.022,0.033,0.096,0.079,0.047,0.076,0.096,0.081,0.056,0.023,0.053,0.082,0.083,0.017,0.091,0.075,0.016,0.033,0.014,0.042,0.061,0.065,0.03,0.026,0.052,0.037,0.097,0.081,0.076,0.049,0.057
Chronic cough,0.089,0.032,0.088,0.2,0.058,0.047,0.035,0.059,0.014,0.049,0.6,0.8,0.8,0.85,0.8,0.094,0.6,0.9,0.097,0.7,0.031,0.093,0.082,0.067,0.086,0.047,0.022,0.014,0.04,0.05,0.05,0.035,0.015,0.042,0.066,0.042,0.043,0.046,0.029,0.026,0.5,0.6,0.059,0.04,0.079,0.02,0.054,0.7,0.076,0.07,0.064,0.09,0.019,0.018,0.019,0.08,0.095,0.019,0.099,0.012,0.04,0.037,0.095,0.071,0.015,0.073,0.025,0.012,0.075,0.043,0.031,0.084,0.094,0.073,0.017,0.026,0.01,0.017,0.022,0.049,0.038,0.081,0.061,0.088,0.015,0.024,0.048,0.083,0.093,0.017,0.02,0.029,0.075,0.026,0.089,0.097,0.069,0.072,0.033,0.067
Phlegm buildup,0.066,0.013,0.035,0.096,0.054,0.079,0.073,0.086,0.052,0.06,0.094,0.074,0.063,0.043,0.013,0.031,0.078,0.016,0.011,0.045,0.096,0.066,0.097,0.08,0.011,0.072,0.062,0.01,0.041,0.094,0.089,0.049,0.056,0.073,0.078,0.016,0.059,0.066,0.092,0.096,0.099,0.04,0.065,0.09,0.096,0.042,0.078,0.032,0.044,0.061,0.023,0.043,0.016,0.015,0.097,0.061,0.062,0.068,0.046,0.049,0.092,0.084,0.015,0.059,0.075,0.053,0.014,0.073,0.032,0.053,0.034,0.071,0.074,0.3,0.07,0.061,0.036,0.062,0.097,0.044,0.03,0.01,0.054,0.044,0.086,0.024,0.04,0.03,0.067,0.085,0.017,0.029,0.044,0.033,0.091,0.027,0.02,0.058,0.027,0.016
Bloated stomach,0.027,0.095,0.073,0.023,0.081,0.038,0.087,0.016,0.076,0.013,0.014,0.091,0.048,0.071,0.042,0.011,0.079,0.059,0.092,0.056,0.032,0.024,0.091,0.018,0.045,0.03,0.022,0.093,0.035,0.071,0.096,0.093,0.051,0.078,0.1,0.06,0.098,0.051,0.087,0.087,0.018,0.063,0.063,0.048,0.025,0.014,0.096,0.032,0.07,0.089,0.082,0.09,0.023,0.043,0.057,0.017,0.052,0.052,0.012,0.064,0.01,0.05,0.018,0.041,0.025,0.074,0.06,0.026,0.049,0.096,0.019,0.082,0.075,0.025,0.042,0.092,0.081,0.057,0.092,0.075,0.072,0.061,0.049,0.08,0.055,0.029,0.043,0.06,0.017,0.063,0.038,0.077,0.072,0.052,0.073,0.018,0.06,0.014,0.015,0.099
Burning urination,0.041,0.031,0.058,0.083,0.064,0.029,0.059,0.044,0.095,0.056,0.062,0.091,0.082,0.035,0.097,0.038,0.015,0.019,0.056,0.025,0.078,0.025,0.015,0.06,0.065,0.058,0.066,0.085,0.031,0.07,0.024,0.033,0.035,0.054,0.035,0.029,0.022,0.077,0.057,0.02,0.048,0.096,0.042,0.064,0.028,0.011,0.021,0.066,0.011,0.013,0.029,0.015,0.094,0.073,0.03,0.022,0.075,0.055,0.087,0.021,0.089,0.032,0.075,0.014,0.08,0.022,0.018,0.04,0.014,0.033,0.028,0.071,0.084,0.041,0.081,0.031,0.085,0.051,0.042,0.091,0.019,0.058,0.022,0.016,0.012,0.025,0.064,0.047,0.09,0.072,0.077,0.052,0.044,0.065,0.087,0.024,0.077,0.058,0.021,0.081
Pelvic pain,0.4,0.086,0.077,0.084,0.016,0.045,0.025,0.061,0.082,0.028,0.021,0.054,0.055,0.043,0.06,0.043,0.086,0.086,0.092,0.051,0.078,0.09,0.044,0.073,0.094,0.018,0.056,0.045,0.043,0.037,0.036,0.079,0.033,0.069,0.05,0.049,0.098,0.072,0.6,0.027,0.03,0.048,0.6,0.068,0.044,0.051,0.022,0.025,0.022,0.089,0.021,0.4,0.023,0.029,0.047,0.022,0.085,0.041,0.069,0.073,0.6,0.7,0.8,0.7,0.3,0.3,0.058,0.4,0.5,0.6,0.066,0.6,0.9,0.3,0.5,0.8,0.084,0.6,0.62,0.6,0.2,0.2,0.2,0.2,0.2,0.2,0.2,0.2,0.2,0.027,0.043,0.015,0.058,0.03,0.033,0.028,0.083,0.083,0.8,0.017
Lower back pain,0.4,0.086,0.058,0.047,0.044,0.075,0.043,0.052,0.075,0.092,0.061,0.034,0.04,0.051,0.063,0.091,0.082,0.034,0.079,0.091,0.067,0.095,0.042,0.032,0.043,0.052,0.087,0.045,0.094,0.064,0.055,0.097,0.016,0.029,0.035,0.017,0.041,0.043,0.6,0.092,0.062,0.093,0.6,0.093,0.038,0.018,0.041,0.078,0.064,0.039,0.095,0.4,0.046,0.086,0.026,0.087,0.8,0.051,0.098,0.022,0.6,0.7,0.8,0.7,0.3,0.3,0.036,0.4,0.5,0.6,0.063,0.6,0.9,0.3,0.5,0.8,0.039,0.6,0.62,0.6,0.2,0.2,0.2,0.2,0.2,0.2,0.2,0.2,0.2,0.021,0.095,0.084,0.093,0.023,0.021,0.043,0.059,0.018,0.8,0.035
Side pain,0.4,0.043,0.097,0.035,0.091,0.049,0.092,0.082,0.033,0.086,0.069,0.071,0.014,0.055,0.068,0.025,0.068,0.083,0.012,0.058,0.082,0.089,0.084,0.03,0.05,0.051,0.062,0.046,0.039,0.027,0.052,0.02,0.092,0.068,0.014,0.079,0.073,0.083,0.6,0.094,0.016,0.093,0.6,0.068,0.069,0.014,0.012,0.024,0.087,0.026,0.022,0.4,0.039,0.07,0.095,0.021,0.012,0.037,0.097,0.072,0.6,0.7,0.8,0.7,0.3,0.3,0.099,0.4,0.5,0.6,0.066,0.6,0.9,0.3,0.5,0.8,0.064,0.6,0.62,0.6,0.2,0.2,0.2,0.2,0.2,0.2,0.2,0.2,0.2,0.025,0.068,0.079,0.05,0.073,0.027,0.057,0.065,0.01,0.8,0.053
Pain radiating to leg,0.4,0.09,0.085,0.08,0.03,0.03,0.048,0.056,0.097,0.052,0.018,0.014,0.098,0.014,0.027,0.065,0.081,0.021,0.056,0.024,0.087,0.044,0.019,0.054,0.024,0.019,0.068,0.096,0.098,0.03,0.097,0.071,0.067,0.026,0.018,0.087,0.07,0.086,0.6,0.074,0.034,0.087,0.6,0.053,0.039,0.078,0.022,0.029,0.097,0.03,0.072,0.4,0.096,0.093,0.056,0.067,0.078,0.036,0.1,0.041,0.6,0.7,0.8,0.7,0.3,0.3,0.087,0.4,0.5,0.6,0.044,0.6,0.9,0.3,0.5,0.8,0.091,0.6,0.62,0.6,0.2,0.2,0.2,0.2,0.2,0.2,0.2,0.2,0.2,0.031,0.054,0.038,0.087,0.095,0.079,0.069,0.039,0.011,0.8,0.03
Shoulder blade pain,0.4,0.046,0.015,0.081,0.07,0.031,0.085,0.053,0.043,0.016,0.076,0.081,0.014,0.039,0.061,0.082,0.094,0.069,0.043,0.049,0.075,0.016,0.061,0.093,0.041,0.049,0.012,0.094,0.018,0.075,0.063,0.029,0.039,0.059,0.042,0.027,0.053,0.01,0.6,0.033,0.049,0.024,0.6,0.066,0.069,0.019,0.076,0.018,0.038,0.095,0.061,0.4,0.049,0.095,0.046,0.058,0.068,0.047,0.061,0.057,0.6,0.7,0.8,0.7,0.3,0.3,0.079,0.4,0.5,0.6,0.013,0.6,0.9,0.3,0.5,0.8,0.059,0.6,0.62,0.6,0.2,0.2,0.2,0.2,0.2,0.2,0.2,0.2,0.2,0.027,0.096,0.07,0.081,0.067,0.026,0.021,0.014,0.021,0.8,0.086
Arm weakness,0.08,0.054,0.044,0.099,0.061,0.051,0.3,0.053,0.074,0.01,0.048,0.061,0.046,0.038,0.07,0.049,0.046,0.062,0.063,0.093,0.09,0.3,0.083,0.045,0.6,0.072,0.3,0.2,0.013,0.31,0.042,0.073,0.052,0.013,0.077,0.098,0.061,0.065,0.097,0.05,0.02,0.067,0.069,0.022,0.073,0.03,0.029,0.073,0.063,0.075,0.026,0.041,0.025,0.024,0.047,0.029,0.037,0.099,0.087,0.065,0.092,0.066,0.06,0.061,0.04,0.045,0.093,0.047,0.049,0.037,0.04,0.034,0.091,0.093,0.077,0.038,0.4,0.017,0.091,0.065,0.046,0.094,0.063,0.078,0.032,0.074,0.087,0.035,0.051,0.03,0.089,0.089,0.034,0.057,0.071,0.069,0.061,0.023,0.014,0.04
Leg weakness,0.048,0.064,0.053,0.094,0.099,0.07,0.3,0.079,0.057,0.087,0.034,0.032,0.019,0.011,0.09,0.061,0.022,0.072,0.02,0.053,0.014,0.3,0.091,0.057,0.6,0.067,0.3,0.2,0.053,0.31,0.087,0.021,0.032,0.014,0.035,0.049,0.037,0.094,0.023,0.065,0.061,0.084,0.023,0.076,0.042,0.022,0.02,0.076,0.052,0.087,0.088,0.058,0.064,0.027,0.062,0.067,0.086,0.097,0.06,0.049,0.083,0.093,0.065,0.095,0.033,0.042,0.037,0.033,0.039,0.045,0.018,0.03,0.059,0.3,0.09,0.037,0.4,0.085,0.024,0.07,0.022,0.087,0.028,0.051,0.026,0.047,0.069,0.012,0.031,0.051,0.062,0.055,0.072,0.082,0.046,0.084,0.085,0.013,0.081,0.099
Hand tremor,0.069,0.074,0.091,0.061,0.035,0.078,0.096,0.024,0.082,0.018,0.07,0.054,0.09,0.016,0.034,0.099,0.037,0.086,0.015,0.031,0.081,0.085,0.095,0.025,0.083,0.065,0.035,0.045,0.026,0.078,0.076,0.078,0.078,0.028,0.022,0.099,0.066,0.031,0.022,0.022,0.046,0.099,0.029,0.089,0.031,0.03,0.033,0.052,0.016,0.072,0.07,0.048,0.051,0.094,0.011,0.087,0.023,0.053,0.065,0.078,0.038,0.091,0.015,0.035,0.043,0.015,0.095,0.026,0.031,0.062,0.079,0.083,0.025,0.013,0.034,0.093,0.4,0.014,0.059,0.051,0.095,0.082,0.083,0.082,0.093,0.011,0.051,0.025,0.025,0.082,0.036,0.089,0.015,0.083,0.075,0.092,0.033,0.089,0.052,0.08
Finger twitching,0.019,0.093,0.068,0.072,0.039,0.033,0.02,0.081,0.064,0.088,0.093,0.015,0.042,0.059,0.058,0.093,0.024,0.071,0.067,0.041,0.088,0.016,0.024,0.064,0.082,0.063,0.072,0.045,0.078,0.035,0.033,0.056,0.077,0.095,0.054,0.066,0.051,0.079,0.017,0.027,0.022,0.018,0.014,0.058,0.097,0.014,0.8,0.098,0.06,0.083,0.077,0.014,0.4,0.098,0.017,0.087,0.088,0.054,0.072,0.082,0.094,0.064,0.042,0.063,0.066,0.033,0.042,0.064,0.4,0.091,0.02,0.019,0.026,0.091,0.095,0.077,0.032,0.06,0.026,0.012,0.087,0.023,0.02,0.026,0.071,0.072,0.033,0.089,0.044,0.096,0.4,0.4,0.42,0.4,0.028,0.4,0.4,0.4,0.6,0.42
Nail changes,0.055,0.057,0.056,0.062,0.04,0.034,0.012,0.025,0.087,0.065,0.044,0.056,0.041,0.065,0.089,0.027,0.071,0.055,0.066,0.091,0.046,0.067,0.029,0.095,0.064,0.038,0.031,0.027,0.093,0.053,0.082,0.024,0.042,0.024,0.048,0.09,0.3,0.018,0.083,0.3,0.069,0.062,0.093,0.024,0.036,0.016,0.093,0.096,0.079,0.03,0.024,0.039,0.078,0.073,0.046,0.049,0.052,0.075,0.024,0.047,0.084,0.075,0.07,0.096,0.014,0.044,0.04,0.033,0.056,0.068,0.06,0.019,0.028,0.02,0.069,0.078,0.014,0.035,0.058,0.087,0.073,0.024,0.084,0.018,0.087,0.018,0.085,0.08,0.043,0.037,0.07,0.09,0.074,0.058,0.088,0.059,0.058,0.099,0.037,0.011
Pale nails,0.079,0.02,0.039,0.06,0.015,0.038,0.038,0.022,0.085,0.01,0.082,0.026,0.094,0.092,0.055,0.067,0.053,0.085,0.057,0.08,0.096,0.067,0.035,0.088,0.077,0.08,0.021,0.049,0.022,0.037,0.026,0.065,0.074,0.049,0.023,0.017,0.026,0.038,0.016,0.036,0.065,0.058,0.082,0.02,0.076,0.094,0.093,0.061,0.088,0.088,0.018,0.088,0.05,0.084,0.047,0.065,0.098,0.035,0.072,0.019,0.024,0.073,0.02,0.059,0.015,0.089,0.048,0.012,0.072,0.025,0.01,0.01,0.094,0.077,0.059,0.027,0.046,0.089,0.01,0.067,0.039,0.026,0.032,0.058,0.031,0.074,0.094,0.06,0.025,0.048,0.083,0.025,0.08,0.079,0.016,0.051,0.058,0.049,0.084,0.078
Spoon-shaped nails,0.094,0.087,0.026,0.06,0.09,0.089,0.055,0.09,0.071,0.089,0.028,0.083,0.047,0.077,0.056,0.067,0.089,0.097,0.092,0.078,0.079,0.026,0.051,0.032,0.06,0.097,0.02,0.098,0.027,0.07,0.081,0.028,0.03,0.065,0.019,0.059,0.056,0.097,0.041,0.027,0.076,0.076,0.016,0.053,0.074,0.079,0.095,0.012,0.096,0.053,0.045,0.069,0.048,0.067,0.043,0.062,0.011,0.091,0.058,0.019,0.069,0.034,0.079,0.066,0.052,0.05,0.047,0.051,0.055,0.02,0.097,0.048,0.087,0.068,0.059,0.037,0.069,0.026,0.071,0.099,0.084,0.024,0.045,0.043,0.096,0.046,0.045,0.025,0.088,0.062,0.018,0.039,0.028,0.066,0.063,0.09,0.025,0.039,0.064,0.07
Shortness of breath on exertion,0.3,0.4,0.6,0.75,0.2,0.088,0.012,0.034,0.3,0.079,0.7,0.7,0.6,0.016,0.049,0.8,0.054,0.061,0.06,0.064,0.038,0.071,0.033,0.042,0.066,0.061,0.047,0.017,0.056,0.082,0.082,0.086,0.02,0.052,0.036,0.051,0.095,0.041,0.046,0.062,0.083,0.2,0.044,0.08,0.058,0.034,0.038,0.081,0.025,0.068,0.083,0.089,0.039,0.025,0.085,0.099,0.025,0.023,0.051,0.046,0.036,0.064,0.016,0.086,0.026,0.058,0.033,0.057,0.079,0.01,0.089,0.062,0.027,0.07,0.014,0.053,0.07,0.059,0.031,0.064,0.053,0.085,0.077,0.02,0.041,0.099,0.031,0.023,0.096,0.081,0.092,0.014,0.029,0.071,0.075,0.078,0.046,0.063,0.088,0.064
Cough worsening at night,0.068,0.012,0.097,0.2,0.036,0.06,0.079,0.027,0.049,0.059,0.6,0.8,0.8,0.85,0.8,0.053,0.6,0.012,0.021,0.7,0.047,0.068,0.013,0.02,0.078,0.048,0.09,0.021,0.031,0.093,0.037,0.097,0.022,0.064,0.014,0.054,0.07,0.096,0.06,0.094,0.5,0.6,0.037,0.013,0.023,0.08,0.021,0.7,0.065,0.049,0.053,0.038,0.048,0.026,0.095,0.026,0.065,0.04,0.029,0.067,0.069,0.05,0.013,0.055,0.053,0.045,0.059,0.072,0.039,0.064,0.064,0.039,0.019,0.084,0.031,0.03,0.011,0.085,0.097,0.036,0.076,0.03,0.025,0.085,0.091,0.015,0.077,0.045,0.069,0.095,0.094,0.016,0.075,0.053,0.093,0.068,0.067,0.052,0.024,0.08
Loss of coordination,0.3,0.059,0.032,0.041,0.039,0.071,0.06,0.025,0.063,0.037,0.071,0.041,0.074,0.038,0.047,0.098,0.039,0.043,0.018,0.016,0.04,0.015,0.087,0.014,0.038,0.018,0.05,0.038,0.052,0.079,0.067,0.042,0.023,0.049,0.058,0.077,0.076,0.02,0.081,0.052,0.042,0.037,0.083,0.061,0.028,0.036,0.091,0.028,0.04,0.054,0.058,0.03,0.021,0.03,0.017,0.081,0.072,0.032,0.068,0.093,0.098,0.048,0.013,0.053,0.058,0.026,0.092,0.016,0.081,0.053,0.053,0.011,0.084,0.049,0.038,0.016,0.026,0.05,0.038,0.039,0.2,0.2,0.2,0.2,0.2,0.2,0.2,0.2,0.2,0.048,0.053,0.036,0.088,0.055,0.076,0.05,0.044,0.025,0.083,0.063
Forgetfulness,0.016,0.038,0.029,0.046,0.063,0.062,0.09,0.067,0.049,0.097,0.041,0.065,0.062,0.081,0.072,0.02,0.058,0.06,0.053,0.062,0.058,0.031,0.094,0.074,0.025,0.073,0.059,0.047,0.057,0.091,0.025,0.037,0.035,0.094,0.08,0.037,0.078,0.091,0.07,0.075,0.062,0.049,0.06,0.089,0.084,0.09,0.04,0.074,0.041,0.057,0.095,0.077,0.086,0.015,0.023,0.05,0.063,0.076,0.065,0.091,0.086,0.085,0.084,0.037,0.059,0.068,0.092,0.051,0.017,0.011,0.04,0.062,0.037,0.097,0.093,0.083,0.081,0.082,0.029,0.055,0.089,0.057,0.045,0.057,0.017,0.075,0.067,0.029,0.055,0.078,0.086,0.02,0.017,0.032,0.099,0.054,0.058,0.035,0.092,0.062
Difficulty walking,0.09,0.012,0.082,0.069,0.088,0.086,0.5,0.086,0.085,0.05,0.062,0.043,0.023,0.088,0.093,0.063,0.03,0.081,0.018,0.085,0.038,0.055,0.078,0.078,0.052,0.077,0.079,0.07,0.028,0.071,0.012,0.077,0.021,0.032,0.063,0.011,0.096,0.058,0.087,0.099,0.038,0.068,0.038,0.021,0.075,0.014,0.015,0.058,0.084,0.082,0.087,0.075,0.014,0.039,0.089,0.037,0.074,0.029,0.016,0.041,0.073,0.081,0.055,0.044,0.046,0.092,0.017,0.072,0.056,0.064,0.061,0.029,0.032,0.066,0.073,0.066,0.059,0.098,0.098,0.086,0.049,0.043,0.096,0.051,0.032,0.069,0.087,0.084,0.032,0.054,0.027,0.041,0.089,0.019,0.036,0.045,0.071,0.014,0.022,0.056
Trouble sleeping,0.032,0.054,0.051,0.087,0.059,0.048,0.079,0.044,0.01,0.092,0.037,0.057,0.044,0.033,0.016,0.073,0.047,0.013,0.019,0.1,0.052,0.095,0.067,0.028,0.058,0.084,0.093,0.047,0.034,0.098,0.097,0.013,0.07,0.059,0.022,0.098,0.011,0.023,0.048,0.048,0.094,0.056,0.019,0.067,0.071,0.051,0.058,0.062,0.063,0.081,0.093,0.062,0.062,0.014,0.055,0.033,0.078,0.093,0.087,0.066,0.072,0.01,0.026,0.056,0.079,0.035,0.065,0.051,0.034,0.039,0.096,0.02,0.6,0.085,0.079,0.058,0.09,0.022,0.054,0.051,0.09,0.012,0.097,0.083,0.096,0.099,0.081,0.078,0.086,0.084,0.08,0.079,0.013,0.037,0.029,0.055,0.057,0.016,0.054,0.059
Loss of balance,0.3,0.077,0.097,0.03,0.031,0.046,0.4,0.05,0.085,0.018,0.075,0.064,0.066,0.02,0.096,0.027,0.084,0.089,0.097,0.027,0.021,0.022,0.034,0.025,0.014,0.034,0.069,0.025,0.088,0.09,0.065,0.075,0.042,0.052,0.011,0.078,0.016,0.015,0.072,0.072,0.085,0.034,0.061,0.024,0.043,0.08,0.086,0.068,0.015,0.053,0.065,0.019,0.067,0.023,0.078,0.059,0.052,0.063,0.076,0.053,0.077,0.098,0.088,0.062,0.028,0.026,0.017,0.055,0.037,0.023,0.036,0.034,0.09,0.068,0.029,0.048,0.02,0.085,0.015,0.027,0.2,0.2,0.2,0.2,0.2,0.2,0.2,0.2,0.2,0.094,0.024,0.013,0.064,0.08,0.031,0.09,0.047,0.022,0.061,0.028
Irregular breathing,0.096,0.063,0.011,0.052,0.064,0.013,0.019,0.032,0.04,0.082,0.097,0.012,0.052,0.065,0.018,0.078,0.013,0.051,0.15,0.02,0.059,0.044,0.014,0.056,0.09,0.069,0.055,0.027,0.012,0.084,0.038,0.093,0.08,0.077,0.081,0.1,0.02,0.025,0.083,0.097,0.053,0.011,0.033,0.032,0.015,0.098,0.084,0.078,0.036,0.081,0.091,0.027,0.023,0.068,0.011,0.041,0.029,0.063,0.078,0.023,0.076,0.094,0.076,0.063,0.037,0.084,0.082,0.053,0.026,0.066,0.029,0.026,0.068,0.042,0.018,0.093,0.052,0.017,0.052,0.084,0.075,0.012,0.097,0.022,0.095,0.084,0.042,0.059,0.02,0.013,0.02,0.062,0.02,0.096,0.058,0.093,0.018,0.082,0.059,0.046
Snoring,0.078,0.036,0.065,0.058,0.047,0.053,0.049,0.089,0.098,0.071,0.021,0.052,0.1,0.092,0.055,0.034,0.051,0.012,0.85,0.049,0.069,0.098,0.098,0.02,0.013,0.036,0.086,0.022,0.049,0.014,0.046,0.076,0.079,0.094,0.079,0.095,0.028,0.065,0.076,0.022,0.028,0.039,0.031,0.059,0.056,0.034,0.095,0.014,0.024,0.03,0.097,0.047,0.035,0.027,0.074,0.011,0.016,0.025,0.077,0.054,0.094,0.023,0.011,0.091,0.01,0.029,0.03,0.015,0.012,0.057,0.032,0.036,0.074,0.046,0.032,0.02,0.01,0.056,0.061,0.08,0.1,0.021,0.021,0.082,0.012,0.096,0.087,0.045,0.078,0.066,0.084,0.022,0.055,0.094,0.077,0.062,0.058,0.08,0.075,0.077
Daytime sleepiness,0.066,0.045,0.059,0.076,0.037,0.099,0.096,0.095,0.088,0.059,0.053,0.033,0.032,0.015,0.093,0.083,0.098,0.056,0.7,0.032,0.021,0.019,0.085,0.096,0.017,0.019,0.089,0.039,0.07,0.06,0.043,0.033,0.055,0.078,0.097,0.038,0.098,0.027,0.033,0.086,0.011,0.043,0.039,0.032,0.047,0.013,0.039,0.095,0.065,0.033,0.062,0.073,0.088,0.049,0.023,0.015,0.015,0.022,0.089,0.075,0.083,0.074,0.059,0.018,0.056,0.093,0.069,0.056,0.064,0.079,0.097,0.023,0.6,0.023,0.058,0.055,0.016,0.034,0.039,0.022,0.03,0.092,0.067,0.027,0.038,0.096,0.03,0.1,0.012,0.037,0.024,0.019,0.079,0.096,0.06,0.04,0.059,0.072,0.094,0.067
Restless legs,0.081,0.098,0.041,0.012,0.07,0.09,0.02,0.013,0.052,0.026,0.015,0.048,0.012,0.018,0.061,0.057,0.051,0.013,0.075,0.077,0.026,0.099,0.021,0.076,0.093,0.048,0.042,0.021,0.069,0.034,0.058,0.044,0.055,0.049,0.078,0.03,0.083,0.09,0.092,0.078,0.038,0.075,0.097,0.037,0.026,0.023,0.05,0.099,0.087,0.037,0.084,0.012,0.066,0.04,0.011,0.055,0.077,0.066,0.028,0.076,0.054,0.023,0.031,0.06,0.048,0.054,0.047,0.025,0.095,0.078,0.077,0.021,0.051,0.3,0.045,0.099,0.056,0.086,0.073,0.045,0.042,0.073,0.046,0.024,0.022,0.099,0.096,0.066,0.05,0.1,0.087,0.05,0.087,0.034,0.066,0.053,0.085,0.07,0.062,0.068
Muscle spasms,0.043,0.013,0.098,0.02,0.056,0.055,0.054,0.037,0.023,0.031,0.088,0.083,0.038,0.038,0.048,0.077,0.044,0.024,0.02,0.018,0.081,0.049,0.033,0.076,0.042,0.042,0.062,0.025,0.097,0.069,0.035,0.035,0.084,0.079,0.019,0.074,0.054,0.028,0.06,0.058,0.052,0.01,0.07,0.031,0.03,0.071,0.081,0.055,0.088,0.083,0.075,0.058,0.035,0.082,0.058,0.099,0.046,0.088,0.012,0.086,0.083,0.099,0.026,0.024,0.089,0.038,0.069,0.035,0.082,0.027,0.088,0.021,0.046,0.038,0.077,0.058,0.01,0.095,0.055,0.019,0.076,0.089,0.045,0.099,0.028,0.016,0.073,0.019,0.05,0.085,0.066,0.092,0.014,0.018,0.035,0.094,0.029,0.093,0.053,0.021
Feeling faint,0.02,0.072,0.077,0.063,0.052,0.069,0.047,0.08,0.019,0.067,0.045,0.093,0.078,0.095,0.072,0.066,0.078,0.015,0.056,0.019,0.068,0.086,0.067,0.084,0.04,0.043,0.011,0.021,0.029,0.049,0.03,0.058,0.074,0.012,0.093,0.06,0.071,0.085,0.057,0.01,0.022,0.052,0.078,0.074,0.052,0.095,0.02,0.012,0.072,0.02,0.065,0.098,0.024,0.09,0.071,0.089,0.063,0.099,0.033,0.054,0.021,0.028,0.04,0.03,0.05,0.048,0.088,0.091,0.011,0.082,0.059,0.071,0.074,0.043,0.042,0.088,0.055,0.011,0.069,0.07,0.036,0.082,0.022,0.089,0.097,0.025,0.084,0.045,0.013,0.099,0.064,0.079,0.06,0.086,0.033,0.07,0.012,0.082,0.071,0.042
Loss of consciousness,0.3,0.072,0.032,0.086,0.092,0.043,0.077,0.089,0.023,0.039,0.076,0.085,0.091,0.084,0.045,0.01,0.093,0.03,0.043,0.098,0.096,0.068,0.6,0.09,0.024,0.086,0.073,0.073,0.066,0.088,0.062,0.036,0.087,0.055,0.03,0.011,0.092,0.076,0.064,0.083,0.083,0.038,0.031,0.023,0.043,0.016,0.053,0.043,0.083,0.06,0.045,0.036,0.074,0.032,0.07,0.094,0.088,0.031,0.059,0.018,0.039,0.084,0.089,0.035,0.055,0.033,0.099,0.054,0.084,0.063,0.048,0.096,0.039,0.032,0.04,0.077,0.092,0.02,0.059,0.017,0.2,0.2,0.2,0.2,0.2,0.2,0.2,0.2,0.2,0.024,0.087,0.068,0.079,0.083,0.052,0.03,0.045,0.024,0.081,0.049
Hallucinations,0.076,0.099,0.079,0.048,0.052,0.023,0.042,0.05,0.012,0.028,0.084,0.052,0.043,0.082,0.078,0.053,0.1,0.078,0.053,0.075,0.029,0.054,0.038,0.031,0.011,0.027,0.05,0.084,0.086,0.055,0.039,0.051,0.026,0.014,0.061,0.04,0.079,0.045,0.058,0.098,0.09,0.027,0.056,0.037,0.014,0.047,0.033,0.011,0.069,0.044,0.029,0.053,0.016,0.085,0.029,0.04,0.075,0.097,0.046,0.048,0.022,0.064,0.03,0.058,0.075,0.085,0.065,0.047,0.07,0.013,0.034,0.093,0.057,0.045,0.071,0.026,0.072,0.08,0.08,0.033,0.041,0.012,0.057,0.085,0.079,0.053,0.062,0.077,0.096,0.039,0.087,0.049,0.033,0.011,0.027,0.069,0.039,0.051,0.076,0.055
Delusions,0.089,0.055,0.041,0.033,0.049,0.017,0.073,0.012,0.085,0.057,0.023,0.026,0.029,0.046,0.085,0.051,0.029,0.015,0.026,0.095,0.023,0.019,0.079,0.085,0.085,0.069,0.054,0.065,0.097,0.02,0.025,0.08,0.024,0.089,0.043,0.036,0.085,0.046,0.06,0.013,0.026,0.019,0.048,0.062,0.029,0.087,0.026,0.013,0.026,0.047,0.096,0.061,0.059,0.019,0.098,0.034,0.071,0.034,0.085,0.015,0.059,0.088,0.051,0.09,0.078,0.093,0.083,0.017,0.093,0.05,0.08,0.09,0.072,0.095,0.036,0.028,0.027,0.085,0.027,0.093,0.044,0.03,0.02,0.083,0.024,0.035,0.05,0.098,0.092,0.01,0.03,0.061,0.077,0.078,0.039,0.015,0.089,0.065,0.065,0.099
Slurred speech,0.039,0.073,0.03,0.064,0.021,0.073,0.6,0.054,0.059,0.018,0.091,0.021,0.045,0.041,0.014,0.098,0.061,0.049,0.021,0.049,0.048,0.2,0.04,0.025,0.088,0.06,0.037,0.098,0.063,0.034,0.077,0.063,0.012,0.075,0.056,0.059,0.037,0.01,0.077,0.099,0.078,0.086,0.012,0.014,0.011,0.074,0.019,0.096,0.086,0.064,0.025,0.079,0.091,0.08,0.095,0.089,0.031,0.013,0.033,0.062,0.013,0.03,0.091,0.041,0.027,0.029,0.011,0.025,0.042,0.014,0.083,0.092,0.082,0.041,0.098,0.02,0.09,0.03,0.04,0.04,0.075,0.091,0.03,0.046,0.055,0.06,0.06,0.073,0.029,0.027,0.08,0.027,0.025,0.086,0.045,0.025,0.048,0.011,0.058,0.041
Difficulty understanding speech,0.077,0.058,0.068,0.021,0.085,0.081,0.4,0.018,0.089,0.015,0.08,0.078,0.045,0.092,0.065,0.065,0.096,0.021,0.032,0.055,0.028,0.053,0.038,0.043,0.024,0.092,0.045,0.064,0.088,0.068,0.061,0.091,0.041,0.099,0.019,0.022,0.046,0.017,0.031,0.053,0.031,0.046,0.095,0.087,0.035,0.039,0.07,0.056,0.093,0.033,0.019,0.092,0.073,0.09,0.048,0.05,0.079,0.012,0.061,0.024,0.077,0.058,0.034,0.089,0.034,0.027,0.073,0.016,0.072,0.087,0.042,0.039,0.034,0.075,0.023,0.062,0.019,0.031,0.086,0.057,0.05,0.093,0.051,0.023,0.052,0.098,0.044,0.077,0.087,0.024,0.018,0.059,0.074,0.033,0.082,0.039,0.094,0.081,0.063,0.076
Facial drooping,0.097,0.037,0.059,0.054,0.049,0.067,0.6,0.028,0.029,0.031,0.025,0.063,0.06,0.042,0.042,0.066,0.015,0.041,0.074,0.07,0.096,0.035,0.09,0.04,0.055,0.081,0.076,0.058,0.9,0.059,0.098,0.039,0.049,0.081,0.022,0.081,0.012,0.056,0.046,0.021,0.063,0.025,0.037,0.03,0.08,0.089,0.076,0.017,0.063,0.025,0.024,0.027,0.042,0.078,0.058,0.042,0.082,0.094,0.047,0.078,0.099,0.05,0.06,0.027,0.078,0.089,0.068,0.018,0.095,0.081,0.032,0.035,0.036,0.062,0.063,0.081,0.064,0.069,0.045,0.085,0.05,0.022,0.046,0.034,0.085,0.041,0.086,0.097,0.043,0.027,0.016,0.085,0.068,0.012,0.031,0.017,0.076,0.018,0.03,0.043
Trouble swallowing,0.028,0.066,0.022,0.037,0.052,0.018,0.063,0.044,0.011,0.014,0.097,0.094,0.023,0.054,0.013,0.046,0.046,0.093,0.077,0.085,0.015,0.098,0.088,0.045,0.03,0.057,0.095,0.011,0.062,0.031,0.026,0.034,0.018,0.084,0.069,0.087,0.071,0.029,0.088,0.028,0.047,0.011,0.094,0.066,0.035,0.018,0.049,0.022,0.028,0.019,0.041,0.091,0.036,0.092,0.028,0.026,0.052,0.091,0.057,0.053,0.048,0.093,0.013,0.087,0.029,0.033,0.036,0.066,0.014,0.035,0.049,0.016,0.04,0.041,0.056,0.05,0.1,0.085,0.054,0.065,0.027,0.037,0.026,0.089,0.036,0.03,0.038,0.079,0.017,0.055,0.03,0.041,0.08,0.082,0.055,0.045,0.033,0.061,0.1,0.025
Drooling,0.089,0.08,0.043,0.03,0.086,0.022,0.06,0.014,0.072,0.026,0.056,0.076,0.034,0.069,0.098,0.01,0.041,0.055,0.04,0.09,0.053,0.095,0.026,0.045,0.035,0.039,0.063,0.011,0.082,0.062,0.03,0.058,0.034,0.048,0.037,0.086,0.067,0.076,0.036,0.051,0.096,0.057,0.035,0.051,0.046,0.044,0.059,0.051,0.069,0.087,0.089,0.033,0.047,0.052,0.071,0.045,0.031,0.06,0.083,0.097,0.016,0.069,0.089,0.018,0.044,0.057,0.065,0.013,0.015,0.051,0.093,0.025,0.086,0.011,0.057,0.04,0.073,0.068,0.085,0.045,0.036,0.031,0.047,0.089,0.013,0.091,0.031,0.032,0.034,0.048,0.056,0.029,0.046,0.068,0.07,0.012,0.046,0.073,0.09,0.021
Jaw pain,0.4,0.026,0.027,0.047,0.087,0.092,0.068,0.08,0.065,0.079,0.051,0.068,0.049,0.03,0.078,0.071,0.083,0.014,0.052,0.028,0.047,0.037,0.083,0.073,0.072,0.088,0.055,0.053,0.046,0.077,0.038,0.099,0.039,0.012,0.07,0.037,0.022,0.085,0.6,0.015,0.068,0.06,0.6,0.079,0.059,0.046,0.075,0.013,0.5,0.027,0.016,0.4,0.079,0.062,0.097,0.091,0.011,0.027,0.083,0.062,0.6,0.7,0.8,0.7,0.3,0.3,0.024,0.4,0.5,0.6,0.097,0.6,0.9,0.3,0.5,0.8,0.093,0.6,0.62,0.6,0.2,0.2,0.2,0.2,0.2,0.2,0.2,0.2,0.2,0.018,0.079,0.096,0.037,0.099,0.064,0.012,0.035,0.08,0.8,0.048
